date,year,month,day,time,hour,minute,direction,type,file_idx,vehicle_count,occupancy,is_public_vehicle,total_electric,is_electric
2022-10-24,2022,10,24,10:20,10,20,In,Bus,97,2,56.0,0.0,0.0,0
2022-10-24,2022,10,24,10:20,10,20,In,Car,97,7,1.5714285714285714,0.0,2.0,1
2022-10-24,2022,10,24,10:20,10,20,In,Van,97,1,2.0,0.0,0.0,0
2022-10-24,2022,10,24,10:20,10,20,Out,Bus,81,2,12.000000000000002,0.0,0.0,0
2022-10-24,2022,10,24,10:20,10,20,Out,Car,81,11,1.2727272727272727,0.0,0.0,0
2022-10-24,2022,10,24,10:20,10,20,Out,Lorry,81,1,1.0,0.0,0.0,0
2022-10-24,2022,10,24,10:20,10,20,Out,Van,81,1,2.0,0.0,0.0,0
2022-10-24,2022,10,24,10:25,10,25,In,Bicycle,97,2,1.0,0.0,0.0,0
2022-10-24,2022,10,24,10:25,10,25,In,Bus,97,2,64.0,0.0,0.0,0
2022-10-24,2022,10,24,10:25,10,25,In,Car,97,16,1.8125,0.0,4.0,1
2022-10-24,2022,10,24,10:25,10,25,In,Lorry,97,1,1.0,0.0,0.0,0
2022-10-24,2022,10,24,10:25,10,25,In,Van,97,2,1.5,0.0,0.0,0
2022-10-24,2022,10,24,10:25,10,25,Out,Bus,81,2,6.000000000000001,0.0,0.0,0
2022-10-24,2022,10,24,10:25,10,25,Out,Car,81,15,1.4666666666666666,0.0,0.0,0
2022-10-24,2022,10,24,10:25,10,25,Out,Lorry,81,3,1.6666666666666667,0.0,0.0,0
2022-10-24,2022,10,24,10:30,10,30,In,Car,97,14,1.7142857142857142,0.0,3.0,1
2022-10-24,2022,10,24,10:30,10,30,In,Lorry,97,1,1.0,0.0,0.0,0
2022-10-24,2022,10,24,10:30,10,30,In,Motorbike,97,1,1.0,0.0,0.0,0
2022-10-24,2022,10,24,10:30,10,30,Out,Bus,81,3,4.000000000000001,0.0,0.0,0
2022-10-24,2022,10,24,10:30,10,30,Out,Car,81,11,1.7272727272727273,0.0,0.0,0
2022-10-24,2022,10,24,10:30,10,30,Out,Lorry,81,3,1.6666666666666667,0.0,0.0,0
2022-10-24,2022,10,24,10:30,10,30,Out,Van,81,1,1.0,0.0,0.0,0
2022-10-24,2022,10,24,10:35,10,35,In,Bicycle,97,1,1.0,0.0,0.0,0
2022-10-24,2022,10,24,10:35,10,35,In,Bus,97,2,76.0,0.0,0.0,0
2022-10-24,2022,10,24,10:35,10,35,In,Car,97,12,1.5833333333333333,0.0,2.0,1
2022-10-24,2022,10,24,10:35,10,35,In,Motorbike,97,2,1.0,0.0,0.0,0
2022-10-24,2022,10,24,10:35,10,35,In,Van,97,1,1.0,0.0,0.0,0
2022-10-24,2022,10,24,10:35,10,35,Out,Bus,81,1,4.0,0.0,0.0,0
2022-10-24,2022,10,24,10:35,10,35,Out,Car,81,10,1.7,0.0,0.0,0
2022-10-24,2022,10,24,10:35,10,35,Out,Lorry,81,3,1.3333333333333333,0.0,0.0,0
2022-10-24,2022,10,24,10:35,10,35,Out,Motorbike,81,1,1.0,0.0,0.0,0
2022-10-24,2022,10,24,10:40,10,40,In,Bicycle,97,2,1.0,0.0,0.0,0
2022-10-24,2022,10,24,10:40,10,40,In,Bus,97,3,26.666666666666664,0.0,0.0,0
2022-10-24,2022,10,24,10:40,10,40,In,Car,97,31,1.8064516129032258,0.0,9.0,1
2022-10-24,2022,10,24,10:40,10,40,Out,Bicycle,81,1,1.0,0.0,0.0,0
2022-10-24,2022,10,24,10:40,10,40,Out,Bus,81,2,10.0,0.0,0.0,0
2022-10-24,2022,10,24,10:40,10,40,Out,Car,81,10,1.5,0.0,0.0,0
2022-10-24,2022,10,24,10:40,10,40,Out,Lorry,81,1,2.0,0.0,0.0,0
2022-10-24,2022,10,24,10:40,10,40,Out,Motorbike,81,1,1.0,0.0,0.0,0
2022-10-24,2022,10,24,10:45,10,45,In,Bicycle,97,1,1.0,0.0,0.0,0
2022-10-24,2022,10,24,10:45,10,45,In,Car,97,22,1.9090909090909092,0.0,4.0,1
2022-10-24,2022,10,24,10:45,10,45,In,Lorry,97,1,1.0,0.0,0.0,0
2022-10-24,2022,10,24,10:45,10,45,In,Van,97,1,1.0,0.0,0.0,0
2022-10-24,2022,10,24,10:45,10,45,Out,Bus,81,2,4.0,0.0,0.0,0
2022-10-24,2022,10,24,10:45,10,45,Out,Car,81,20,1.05,0.0,0.0,0
2022-10-24,2022,10,24,10:45,10,45,Out,Lorry,81,1,1.0,0.0,0.0,0
2022-10-24,2022,10,24,10:45,10,45,Out,Van,81,3,1.0,0.0,0.0,0
2022-10-24,2022,10,24,10:50,10,50,In,Bus,97,1,80.0,0.0,0.0,0
2022-10-24,2022,10,24,10:50,10,50,In,Car,97,6,1.3333333333333333,0.0,1.0,1
2022-10-24,2022,10,24,10:50,10,50,In,Taxi,97,1,2.0,0.0,0.0,0
2022-10-24,2022,10,24,10:50,10,50,Out,Car,81,1,1.0,0.0,0.0,0
2022-10-24,2022,10,24,10:50,10,50,Out,Van,81,1,2.0,0.0,0.0,0
2022-10-25,2022,10,25,08:30,08,30,In,Bicycle,89,1,1.0,0.0,0.0,0
2022-10-25,2022,10,25,08:30,08,30,In,Bus,89,1,10.4,0.0,0.0,0
2022-10-25,2022,10,25,08:30,08,30,In,Car,89,10,1.3,0.0,0.0,0
2022-10-25,2022,10,25,08:30,08,30,In,Taxi,89,1,2.0,0.0,0.0,0
2022-10-25,2022,10,25,08:35,08,35,In,Bicycle,89,1,1.0,0.0,0.0,0
2022-10-25,2022,10,25,08:35,08,35,In,Bus,89,1,6.4,0.0,0.0,0
2022-10-25,2022,10,25,08:35,08,35,In,Car,89,8,1.5,0.0,0.0,0
2022-10-25,2022,10,25,08:35,08,35,In,Lorry,89,1,2.0,0.0,0.0,0
2022-10-25,2022,10,25,08:35,08,35,In,Motorbike,89,1,2.0,0.0,0.0,0
2022-10-25,2022,10,25,08:35,08,35,In,Taxi,89,1,1.0,0.0,0.0,0
2022-10-25,2022,10,25,08:35,08,35,In,Van,89,2,2.0,0.0,0.0,0
2022-10-25,2022,10,25,08:40,08,40,In,Bicycle,89,2,1.0,0.0,0.0,0
2022-10-25,2022,10,25,08:40,08,40,In,Bus,89,1,7.199999999999999,0.0,0.0,0
2022-10-25,2022,10,25,08:40,08,40,In,Car,89,8,1.5,0.0,0.0,0
2022-10-25,2022,10,25,08:40,08,40,In,Lorry,89,1,1.0,0.0,0.0,0
2022-10-25,2022,10,25,08:40,08,40,In,Taxi,89,2,1.5,0.0,0.0,0
2022-10-25,2022,10,25,08:45,08,45,In,Bicycle,89,1,1.0,0.0,0.0,0
2022-10-25,2022,10,25,08:45,08,45,In,Bus,89,2,9.6,0.0,0.0,0
2022-10-25,2022,10,25,08:45,08,45,In,Car,89,10,1.4,0.0,0.0,0
2022-10-25,2022,10,25,08:45,08,45,In,Lorry,89,2,1.0,0.0,0.0,0
2022-10-25,2022,10,25,08:45,08,45,In,Motorbike,89,1,2.0,0.0,0.0,0
2022-10-25,2022,10,25,08:50,08,50,In,Bicycle,89,3,1.0,0.0,0.0,0
2022-10-25,2022,10,25,08:50,08,50,In,Bus,89,2,11.600000000000001,0.0,0.0,0
2022-10-25,2022,10,25,08:50,08,50,In,Car,89,10,1.4,0.0,0.0,0
2022-10-25,2022,10,25,08:50,08,50,In,Van,89,2,2.0,0.0,0.0,0
2022-10-25,2022,10,25,08:55,08,55,In,Bicycle,89,1,1.0,0.0,0.0,0
2022-10-25,2022,10,25,08:55,08,55,In,Bus,89,1,9.6,0.0,0.0,0
2022-10-25,2022,10,25,08:55,08,55,In,Car,89,12,1.5,0.0,0.0,0
2022-10-25,2022,10,25,08:55,08,55,In,Lorry,89,1,1.0,0.0,0.0,0
2022-10-25,2022,10,25,08:55,08,55,In,Motorbike,89,2,1.0,0.0,0.0,0
2022-10-25,2022,10,25,08:55,08,55,In,Van,89,2,1.5,0.0,0.0,0
2022-10-25,2022,10,25,09:00,09,00,In,Bicycle,119,4,1.0,0.0,0.0,0
2022-10-25,2022,10,25,09:00,09,00,In,Bus,89,3,13.600000000000001,0.0,0.0,0
2022-10-25,2022,10,25,09:00,09,00,In,Car,89,10,1.6,0.0,0.0,0
2022-10-25,2022,10,25,09:00,09,00,In,Motorbike,119,2,1.5,0.0,0.0,0
2022-10-25,2022,10,25,09:00,09,00,In,Taxi,89,1,3.0,0.0,0.0,0
2022-10-25,2022,10,25,09:00,09,00,In,Van,89,2,2.0,0.0,0.0,0
2022-10-25,2022,10,25,09:00,09,00,Out,Bus,92,2,20.0,0.0,0.0,0
2022-10-25,2022,10,25,09:00,09,00,Out,Car,92,9,1.0,0.0,0.0,0
2022-10-25,2022,10,25,09:00,09,00,Out,Van,92,3,1.3333333333333333,0.0,0.0,0
2022-10-25,2022,10,25,09:05,09,05,In,Bicycle,119,3,1.0,0.0,0.0,0
2022-10-25,2022,10,25,09:05,09,05,In,Bus,119,4,76.0,0.0,0.0,0
2022-10-25,2022,10,25,09:05,09,05,In,Car,119,3,2.3333333333333335,0.0,0.0,0
2022-10-25,2022,10,25,09:05,09,05,In,Motorbike,119,1,2.0,0.0,0.0,0
2022-10-25,2022,10,25,09:05,09,05,In,Taxi,119,2,2.5,0.0,0.0,0
2022-10-25,2022,10,25,09:05,09,05,In,Van,119,1,1.0,0.0,0.0,0
2022-10-25,2022,10,25,09:05,09,05,Out,Bus,92,1,0.0,0.0,0.0,0
2022-10-25,2022,10,25,09:05,09,05,Out,Car,92,5,1.2,0.0,0.0,0
2022-10-25,2022,10,25,09:05,09,05,Out,Lorry,92,1,1.0,0.0,0.0,0
2022-10-25,2022,10,25,09:05,09,05,Out,Motorbike,92,1,1.0,0.0,0.0,0
2022-10-25,2022,10,25,09:05,09,05,Out,Taxi,92,5,1.0,0.0,0.0,0
2022-10-25,2022,10,25,09:05,09,05,Out,Van,92,1,2.0,0.0,0.0,0
2022-10-25,2022,10,25,09:10,09,10,In,Bicycle,119,2,1.0,0.0,0.0,0
2022-10-25,2022,10,25,09:10,09,10,In,Bus,119,2,80.0,0.0,0.0,0
2022-10-25,2022,10,25,09:10,09,10,In,Car,119,9,1.3333333333333333,0.0,0.0,0
2022-10-25,2022,10,25,09:10,09,10,In,Lorry,119,1,2.0,0.0,0.0,0
2022-10-25,2022,10,25,09:10,09,10,In,Van,119,1,2.0,0.0,0.0,0
2022-10-25,2022,10,25,09:10,09,10,Out,Bus,92,5,8.0,0.0,0.0,0
2022-10-25,2022,10,25,09:10,09,10,Out,Car,92,7,1.2857142857142858,0.0,0.0,0
2022-10-25,2022,10,25,09:10,09,10,Out,Motorbike,92,1,1.0,0.0,0.0,0
2022-10-25,2022,10,25,09:10,09,10,Out,Van,92,2,1.0,0.0,0.0,0
2022-10-25,2022,10,25,09:15,09,15,In,Bicycle,119,2,1.0,0.0,0.0,0
2022-10-25,2022,10,25,09:15,09,15,In,Bus,119,7,40.0,0.0,0.0,0
2022-10-25,2022,10,25,09:15,09,15,In,Car,119,9,1.2222222222222223,0.0,0.0,0
2022-10-25,2022,10,25,09:15,09,15,In,Lorry,119,1,1.0,0.0,0.0,0
2022-10-25,2022,10,25,09:15,09,15,In,Van,119,2,1.0,0.0,0.0,0
2022-10-25,2022,10,25,09:15,09,15,Out,Bus,92,2,0.0,0.0,0.0,0
2022-10-25,2022,10,25,09:15,09,15,Out,Car,92,3,1.0,0.0,0.0,0
2022-10-25,2022,10,25,09:15,09,15,Out,Van,92,2,1.0,0.0,0.0,0
2022-10-25,2022,10,25,09:20,09,20,In,Bicycle,119,2,1.0,0.0,0.0,0
2022-10-25,2022,10,25,09:20,09,20,In,Car,119,15,1.3333333333333333,0.0,0.0,0
2022-10-25,2022,10,25,09:20,09,20,In,Lorry,119,1,1.0,0.0,0.0,0
2022-10-25,2022,10,25,09:20,09,20,In,Taxi,119,2,2.0,0.0,0.0,0
2022-10-25,2022,10,25,09:20,09,20,In,Van,119,1,1.0,0.0,0.0,0
2022-10-25,2022,10,25,09:20,09,20,Out,Bus,92,3,0.0,0.0,0.0,0
2022-10-25,2022,10,25,09:20,09,20,Out,Car,92,4,1.0,0.0,0.0,0
2022-10-25,2022,10,25,09:20,09,20,Out,Taxi,92,1,1.0,0.0,0.0,0
2022-10-25,2022,10,25,09:25,09,25,In,Bicycle,119,1,2.0,0.0,0.0,0
2022-10-25,2022,10,25,09:25,09,25,In,Bus,119,1,64.0,0.0,0.0,0
2022-10-25,2022,10,25,09:25,09,25,In,Car,119,8,1.375,0.0,0.0,0
2022-10-25,2022,10,25,09:25,09,25,In,Motorbike,119,1,1.0,0.0,0.0,0
2022-10-25,2022,10,25,09:25,09,25,In,Taxi,119,2,2.5,0.0,0.0,0
2022-10-25,2022,10,25,09:25,09,25,In,Van,119,3,1.3333333333333333,0.0,0.0,0
2022-10-25,2022,10,25,09:25,09,25,Out,Bus,92,2,0.0,0.0,0.0,0
2022-10-25,2022,10,25,09:25,09,25,Out,Car,92,5,1.0,0.0,0.0,0
2022-10-25,2022,10,25,09:25,09,25,Out,Taxi,92,2,1.0,0.0,0.0,0
2022-10-25,2022,10,25,09:30,09,30,In,Bicycle,119,1,1.0,0.0,0.0,0
2022-10-25,2022,10,25,09:30,09,30,In,Bus,119,1,80.0,0.0,0.0,0
2022-10-25,2022,10,25,09:30,09,30,In,Car,119,9,1.2222222222222223,0.0,0.0,0
2022-10-25,2022,10,25,10:00,10,00,In,Bicycle,93,3,1.0,0.0,0.0,0
2022-10-25,2022,10,25,10:00,10,00,In,Bus,93,5,65.6,0.0,5.0,1
2022-10-25,2022,10,25,10:00,10,00,In,Car,93,9,1.3333333333333333,0.0,0.0,0
2022-10-25,2022,10,25,10:00,10,00,In,Van,93,2,1.0,0.0,0.0,0
2022-10-25,2022,10,25,10:00,10,00,Out,Car,80,3,1.0,0.0,0.0,0
2022-10-25,2022,10,25,10:05,10,05,In,Bicycle,93,2,1.0,0.0,0.0,0
2022-10-25,2022,10,25,10:05,10,05,In,Bus,93,3,48.00000000000001,0.0,3.0,1
2022-10-25,2022,10,25,10:05,10,05,In,Car,93,7,1.0,0.0,0.0,0
2022-10-25,2022,10,25,10:05,10,05,Out,Bus,80,2,2.0,0.0,0.0,0
2022-10-25,2022,10,25,10:05,10,05,Out,Car,80,7,1.2857142857142858,0.0,0.0,0
2022-10-25,2022,10,25,10:05,10,05,Out,Van,80,1,1.0,0.0,0.0,0
2022-10-25,2022,10,25,10:10,10,10,In,Bicycle,93,1,1.0,0.0,1.0,1
2022-10-25,2022,10,25,10:10,10,10,In,Bus,93,1,24.0,0.0,1.0,1
2022-10-25,2022,10,25,10:10,10,10,In,Car,93,12,1.5,0.0,0.0,0
2022-10-25,2022,10,25,10:10,10,10,In,Taxi,93,1,2.0,0.0,1.0,1
2022-10-25,2022,10,25,10:10,10,10,In,Van,93,1,1.0,0.0,0.0,0
2022-10-25,2022,10,25,10:10,10,10,Out,Bus,80,3,26.666666666666664,0.0,0.0,0
2022-10-25,2022,10,25,10:10,10,10,Out,Car,80,11,1.0909090909090908,0.0,0.0,0
2022-10-25,2022,10,25,10:10,10,10,Out,Lorry,80,1,1.0,0.0,0.0,0
2022-10-25,2022,10,25,10:15,10,15,In,Bicycle,93,1,1.0,0.0,0.0,0
2022-10-25,2022,10,25,10:15,10,15,In,Bus,93,1,64.0,0.0,1.0,1
2022-10-25,2022,10,25,10:15,10,15,In,Car,93,8,1.125,0.0,0.0,0
2022-10-25,2022,10,25,10:15,10,15,In,Lorry,93,1,2.0,0.0,0.0,0
2022-10-25,2022,10,25,10:15,10,15,In,Taxi,93,1,1.0,0.0,0.0,0
2022-10-25,2022,10,25,10:15,10,15,Out,Bicycle,80,1,1.0,0.0,0.0,0
2022-10-25,2022,10,25,10:15,10,15,Out,Bus,80,2,4.0,0.0,0.0,0
2022-10-25,2022,10,25,10:15,10,15,Out,Car,80,7,1.5714285714285714,0.0,2.0,1
2022-10-25,2022,10,25,10:15,10,15,Out,Taxi,80,1,1.0,0.0,1.0,1
2022-10-25,2022,10,25,10:20,10,20,In,Bicycle,84,2,1.0,0.0,0.0,0
2022-10-25,2022,10,25,10:20,10,20,In,Bus,84,3,29.333333333333336,0.0,0.0,0
2022-10-25,2022,10,25,10:20,10,20,In,Car,84,16,1.5,0.0,0.0,0
2022-10-25,2022,10,25,10:20,10,20,In,Lorry,84,1,2.0,0.0,0.0,0
2022-10-25,2022,10,25,10:20,10,20,In,Taxi,84,2,1.0,0.0,0.0,0
2022-10-25,2022,10,25,10:20,10,20,In,Van,84,2,1.0,0.0,0.0,0
2022-10-25,2022,10,25,10:20,10,20,Out,Bicycle,80,1,1.0,0.0,0.0,0
2022-10-25,2022,10,25,10:20,10,20,Out,Bus,88,4,44.0,0.0,0.0,0
2022-10-25,2022,10,25,10:20,10,20,Out,Car,88,10,1.0,0.0,3.0,1
2022-10-25,2022,10,25,10:20,10,20,Out,Lorry,88,1,2.0,0.0,0.0,0
2022-10-25,2022,10,25,10:20,10,20,Out,Taxi,80,1,1.0,0.0,0.0,0
2022-10-25,2022,10,25,10:25,10,25,In,Bicycle,93,1,1.0,0.0,0.0,0
2022-10-25,2022,10,25,10:25,10,25,In,Bus,77,2,44.0,0.0,0.0,0
2022-10-25,2022,10,25,10:25,10,25,In,Car,84,10,2.0,0.0,0.0,0
2022-10-25,2022,10,25,10:25,10,25,In,Motorbike,84,1,1.0,0.0,0.0,0
2022-10-25,2022,10,25,10:25,10,25,In,Taxi,93,1,1.0,0.0,1.0,1
2022-10-25,2022,10,25,10:25,10,25,Out,Bicycle,88,1,1.0,0.0,0.0,0
2022-10-25,2022,10,25,10:25,10,25,Out,Bus,80,2,42.0,0.0,0.0,0
2022-10-25,2022,10,25,10:25,10,25,Out,Car,88,12,1.1666666666666667,0.0,3.0,1
2022-10-25,2022,10,25,10:25,10,25,Out,Motorbike,88,1,1.0,0.0,0.0,0
2022-10-25,2022,10,25,10:25,10,25,Out,Taxi,80,1,1.0,0.0,0.0,0
2022-10-25,2022,10,25,10:25,10,25,Out,Van,80,1,1.0,0.0,0.0,0
2022-10-25,2022,10,25,10:30,10,30,In,Bicycle,77,1,1.0,0.0,0.0,0
2022-10-25,2022,10,25,10:30,10,30,In,Bus,77,1,64.0,0.0,0.0,0
2022-10-25,2022,10,25,10:30,10,30,In,Car,84,19,1.4736842105263157,0.0,0.0,0
2022-10-25,2022,10,25,10:30,10,30,In,Lorry,84,1,2.0,0.0,0.0,0
2022-10-25,2022,10,25,10:30,10,30,In,Taxi,77,1,1.0,0.0,0.0,0
2022-10-25,2022,10,25,10:30,10,30,In,Van,75,2,1.0,0.0,0.0,0
2022-10-25,2022,10,25,10:30,10,30,Out,Bus,88,3,42.666666666666664,0.0,0.0,0
2022-10-25,2022,10,25,10:30,10,30,Out,Car,88,8,1.625,0.0,3.0,1
2022-10-25,2022,10,25,10:30,10,30,Out,Lorry,82,1,2.0,0.0,0.0,0
2022-10-25,2022,10,25,10:30,10,30,Out,Taxi,95,2,2.5,0.0,0.0,0
2022-10-25,2022,10,25,10:30,10,30,Out,Van,80,2,1.0,0.0,0.0,0
2022-10-25,2022,10,25,10:35,10,35,In,Bicycle,79,3,1.0,0.0,0.0,0
2022-10-25,2022,10,25,10:35,10,35,In,Bus,79,3,55.999999999999986,0.0,0.0,0
2022-10-25,2022,10,25,10:35,10,35,In,Car,84,15,1.8666666666666667,0.0,0.0,0
2022-10-25,2022,10,25,10:35,10,35,In,Lorry,84,1,1.0,0.0,0.0,0
2022-10-25,2022,10,25,10:35,10,35,In,Taxi,75,1,2.0,0.0,0.0,0
2022-10-25,2022,10,25,10:35,10,35,In,Van,77,2,2.0,0.0,0.0,0
2022-10-25,2022,10,25,10:35,10,35,Out,Bus,82,2,0.0,0.0,0.0,0
2022-10-25,2022,10,25,10:35,10,35,Out,Car,88,18,1.4444444444444444,0.0,3.0,1
2022-10-25,2022,10,25,10:35,10,35,Out,Lorry,82,1,1.0,0.0,0.0,0
2022-10-25,2022,10,25,10:35,10,35,Out,Taxi,104,2,1.0,0.0,0.0,0
2022-10-25,2022,10,25,10:35,10,35,Out,Van,88,4,2.25,0.0,0.0,0
2022-10-25,2022,10,25,10:40,10,40,In,Bicycle,79,2,1.0,0.0,0.0,0
2022-10-25,2022,10,25,10:40,10,40,In,Bus,75,2,8.0,0.0,0.0,0
2022-10-25,2022,10,25,10:40,10,40,In,Car,77,23,1.565217391304348,0.0,3.0,1
2022-10-25,2022,10,25,10:40,10,40,In,Lorry,77,1,1.0,0.0,0.0,0
2022-10-25,2022,10,25,10:40,10,40,In,Motorbike,75,1,1.0,0.0,0.0,0
2022-10-25,2022,10,25,10:40,10,40,In,Scooter,75,1,1.0,0.0,1.0,1
2022-10-25,2022,10,25,10:40,10,40,In,Taxi,79,3,1.3333333333333333,0.0,0.0,0
2022-10-25,2022,10,25,10:40,10,40,In,Van,79,3,1.3333333333333333,0.0,0.0,0
2022-10-25,2022,10,25,10:40,10,40,Out,Bicycle,95,1,1.0,0.0,1.0,1
2022-10-25,2022,10,25,10:40,10,40,Out,Bus,95,3,10.666666666666666,0.0,1.0,1
2022-10-25,2022,10,25,10:40,10,40,Out,Car,88,16,1.4375,0.0,2.0,1
2022-10-25,2022,10,25,10:40,10,40,Out,Lorry,95,1,1.0,0.0,0.0,0
2022-10-25,2022,10,25,10:40,10,40,Out,Taxi,82,2,2.0,0.0,0.0,0
2022-10-25,2022,10,25,10:40,10,40,Out,Van,88,3,1.3333333333333333,0.0,0.0,0
2022-10-25,2022,10,25,10:45,10,45,In,Bicycle,77,5,1.0,0.0,0.0,0
2022-10-25,2022,10,25,10:45,10,45,In,Bus,75,1,8.0,0.0,0.0,0
2022-10-25,2022,10,25,10:45,10,45,In,Car,77,21,1.7142857142857142,0.0,2.0,1
2022-10-25,2022,10,25,10:45,10,45,In,Lorry,75,1,1.0,0.0,0.0,0
2022-10-25,2022,10,25,10:45,10,45,In,Taxi,75,2,2.0,0.0,0.0,0
2022-10-25,2022,10,25,10:45,10,45,In,Van,75,3,1.0,0.0,0.0,0
2022-10-25,2022,10,25,10:45,10,45,Out,Bus,95,4,17.0,0.0,0.0,0
2022-10-25,2022,10,25,10:45,10,45,Out,Car,96,11,0.4090909090909091,0.0,0.0,0
2022-10-25,2022,10,25,10:45,10,45,Out,Lorry,88,1,2.0,0.0,0.0,0
2022-10-25,2022,10,25,10:45,10,45,Out,Taxi,95,2,2.5,0.0,0.0,0
2022-10-25,2022,10,25,10:45,10,45,Out,Van,96,2,0.375,0.0,0.0,0
2022-10-25,2022,10,25,10:50,10,50,In,Bicycle,75,2,1.0,0.0,0.0,0
2022-10-25,2022,10,25,10:50,10,50,In,Bus,77,3,66.66666666666667,0.0,0.0,0
2022-10-25,2022,10,25,10:50,10,50,In,Car,91,30,1.4,0.0,1.0,1
2022-10-25,2022,10,25,10:50,10,50,In,Lorry,79,1,1.0,0.0,0.0,0
2022-10-25,2022,10,25,10:50,10,50,In,Motorbike,79,1,1.0,0.0,0.0,0
2022-10-25,2022,10,25,10:50,10,50,In,Scooter,75,1,1.0,0.0,1.0,1
2022-10-25,2022,10,25,10:50,10,50,In,Taxi,75,2,1.0,0.0,0.0,0
2022-10-25,2022,10,25,10:50,10,50,In,Van,77,2,1.0,0.0,0.0,0
2022-10-25,2022,10,25,10:50,10,50,Out,Bus,82,2,0.0,0.0,0.0,0
2022-10-25,2022,10,25,10:50,10,50,Out,Car,96,8,0.40625,0.0,0.0,0
2022-10-25,2022,10,25,10:50,10,50,Out,Lorry,82,1,1.0,0.0,0.0,0
2022-10-25,2022,10,25,10:50,10,50,Out,Taxi,104,2,1.0,0.0,0.0,0
2022-10-25,2022,10,25,10:50,10,50,Out,Van,82,1,3.0,0.0,0.0,0
2022-10-25,2022,10,25,10:55,10,55,In,Bicycle,91,5,1.0,0.0,0.0,0
2022-10-25,2022,10,25,10:55,10,55,In,Bus,86,3,73.86666666666667,0.0,0.0,0
2022-10-25,2022,10,25,10:55,10,55,In,Car,91,31,1.3548387096774193,0.0,0.0,0
2022-10-25,2022,10,25,10:55,10,55,In,Lorry,91,1,1.0,1.0,0.0,0
2022-10-25,2022,10,25,10:55,10,55,In,Motorbike,86,1,1.0,0.0,0.0,0
2022-10-25,2022,10,25,10:55,10,55,In,Scooter,91,1,1.0,0.0,1.0,1
2022-10-25,2022,10,25,10:55,10,55,In,Taxi,91,3,2.0,3.0,0.0,0
2022-10-25,2022,10,25,10:55,10,55,In,Van,91,8,1.125,8.0,0.0,0
2022-10-25,2022,10,25,10:55,10,55,Out,Bus,82,1,40.0,0.0,0.0,0
2022-10-25,2022,10,25,10:55,10,55,Out,Car,96,15,0.36666666666666664,0.0,0.0,0
2022-10-25,2022,10,25,10:55,10,55,Out,Lorry,95,1,1.0,0.0,1.0,1
2022-10-25,2022,10,25,10:55,10,55,Out,Taxi,96,3,0.25,0.0,0.0,0
2022-10-25,2022,10,25,10:55,10,55,Out,Van,96,1,0.5,0.0,0.0,0
2022-10-25,2022,10,25,11:00,11,00,In,Bicycle,91,3,1.0,0.0,0.0,0
2022-10-25,2022,10,25,11:00,11,00,In,Bus,91,3,77.33333333333333,3.0,0.0,0
2022-10-25,2022,10,25,11:00,11,00,In,Car,91,27,1.8148148148148149,0.0,0.0,0
2022-10-25,2022,10,25,11:00,11,00,In,Lorry,86,2,2.0,0.0,0.0,0
2022-10-25,2022,10,25,11:00,11,00,In,Scooter,86,2,1.0,0.0,2.0,1
2022-10-25,2022,10,25,11:00,11,00,In,Taxi,91,3,1.0,3.0,0.0,0
2022-10-25,2022,10,25,11:00,11,00,In,Van,86,5,1.8,0.0,0.0,0
2022-10-25,2022,10,25,11:00,11,00,Out,Bus,116,3,34.13333333333333,0.0,0.0,0
2022-10-25,2022,10,25,11:00,11,00,Out,Car,96,12,0.3333333333333333,0.0,0.0,0
2022-10-25,2022,10,25,11:00,11,00,Out,Taxi,82,2,1.0,0.0,0.0,0
2022-10-25,2022,10,25,11:00,11,00,Out,Van,96,5,0.43333333339999996,0.0,1.0,1
2022-10-25,2022,10,25,11:05,11,05,In,Bicycle,91,1,1.0,0.0,0.0,0
2022-10-25,2022,10,25,11:05,11,05,In,Bus,101,2,68.0,0.0,0.0,0
2022-10-25,2022,10,25,11:05,11,05,In,Car,91,18,1.5,0.0,1.0,1
2022-10-25,2022,10,25,11:05,11,05,In,Motorbike,91,1,1.0,0.0,0.0,0
2022-10-25,2022,10,25,11:05,11,05,In,Taxi,91,1,1.0,1.0,0.0,0
2022-10-25,2022,10,25,11:05,11,05,In,Van,91,4,1.0,4.0,0.0,0
2022-10-25,2022,10,25,11:05,11,05,Out,Bus,96,2,28.33333332,0.0,0.0,0
2022-10-25,2022,10,25,11:05,11,05,Out,Car,96,11,0.2727272727272727,0.0,0.0,0
2022-10-25,2022,10,25,11:05,11,05,Out,Lorry,96,1,0.5,0.0,0.0,0
2022-10-25,2022,10,25,11:05,11,05,Out,Van,96,1,0.5,0.0,0.0,0
2022-10-25,2022,10,25,11:10,11,10,In,Bicycle,91,1,1.0,0.0,0.0,0
2022-10-25,2022,10,25,11:10,11,10,In,Car,91,14,1.3571428571428572,0.0,0.0,0
2022-10-25,2022,10,25,11:10,11,10,In,Taxi,91,2,1.5,2.0,0.0,0
2022-10-25,2022,10,25,11:10,11,10,In,Van,91,1,1.0,1.0,0.0,0
2022-10-26,2022,10,26,09:20,09,20,In,Bicycle,111,1,1.0,0.0,0.0,0
2022-10-26,2022,10,26,09:20,09,20,In,Bus,100,1,56.0,0.0,0.0,0
2022-10-26,2022,10,26,09:20,09,20,In,Car,100,3,1.3333333333333333,0.0,0.0,0
2022-10-26,2022,10,26,09:20,09,20,Out,Bus,98,2,4.0,0.0,0.0,0
2022-10-26,2022,10,26,09:20,09,20,Out,Car,98,3,1.3333333333333333,0.0,0.0,0
2022-10-26,2022,10,26,09:25,09,25,In,Bicycle,100,1,1.0,0.0,0.0,0
2022-10-26,2022,10,26,09:25,09,25,In,Bus,100,1,68.0,0.0,0.0,0
2022-10-26,2022,10,26,09:25,09,25,In,Car,100,4,2.0,0.0,0.0,0
2022-10-26,2022,10,26,09:25,09,25,In,Van,100,1,2.0,0.0,0.0,0
2022-10-26,2022,10,26,09:25,09,25,Out,Bus,98,1,0.0,0.0,0.0,0
2022-10-26,2022,10,26,09:25,09,25,Out,Car,98,6,1.5,0.0,1.0,1
2022-10-26,2022,10,26,09:25,09,25,Out,Motorbike,98,1,1.0,0.0,0.0,0
2022-10-26,2022,10,26,09:25,09,25,Out,Van,98,1,2.0,0.0,0.0,0
2022-10-26,2022,10,26,09:30,09,30,In,Bicycle,102,3,1.0,0.0,0.0,0
2022-10-26,2022,10,26,09:30,09,30,In,Bus,100,2,64.0,0.0,0.0,0
2022-10-26,2022,10,26,09:30,09,30,In,Car,111,12,1.6666666666666667,0.0,0.0,0
2022-10-26,2022,10,26,09:30,09,30,In,Taxi,102,1,2.0,0.0,0.0,0
2022-10-26,2022,10,26,09:30,09,30,In,Van,100,1,2.0,0.0,0.0,0
2022-10-26,2022,10,26,09:30,09,30,Out,Bicycle,98,1,1.0,0.0,0.0,0
2022-10-26,2022,10,26,09:30,09,30,Out,Bus,98,1,0.0,0.0,0.0,0
2022-10-26,2022,10,26,09:30,09,30,Out,Car,98,2,1.0,0.0,1.0,1
2022-10-26,2022,10,26,09:30,09,30,Out,Van,98,1,1.0,0.0,0.0,0
2022-10-26,2022,10,26,09:35,09,35,In,Bicycle,111,1,1.0,0.0,0.0,0
2022-10-26,2022,10,26,09:35,09,35,In,Bus,100,2,60.0,0.0,0.0,0
2022-10-26,2022,10,26,09:35,09,35,In,Car,100,6,2.0,0.0,0.0,0
2022-10-26,2022,10,26,09:35,09,35,In,Lorry,111,2,1.5,0.0,0.0,0
2022-10-26,2022,10,26,09:35,09,35,In,Taxi,102,3,2.0,0.0,0.0,0
2022-10-26,2022,10,26,09:35,09,35,In,Van,102,3,2.6666666666666665,0.0,0.0,0
2022-10-26,2022,10,26,09:35,09,35,Out,Bus,98,1,8.0,0.0,0.0,0
2022-10-26,2022,10,26,09:35,09,35,Out,Car,98,4,1.25,0.0,0.0,0
2022-10-26,2022,10,26,09:35,09,35,Out,Van,98,1,1.0,0.0,0.0,0
2022-10-26,2022,10,26,09:40,09,40,In,Bicycle,100,2,1.0,0.0,0.0,0
2022-10-26,2022,10,26,09:40,09,40,In,Bus,102,3,18.666666666666664,0.0,0.0,0
2022-10-26,2022,10,26,09:40,09,40,In,Car,102,6,2.0,0.0,1.0,1
2022-10-26,2022,10,26,09:40,09,40,In,Van,100,1,2.0,0.0,0.0,0
2022-10-26,2022,10,26,09:40,09,40,Out,Bus,98,3,2.6666666666666665,0.0,0.0,0
2022-10-26,2022,10,26,09:40,09,40,Out,Car,98,9,1.2222222222222223,0.0,1.0,1
2022-10-26,2022,10,26,09:45,09,45,In,Bicycle,100,2,1.0,0.0,0.0,0
2022-10-26,2022,10,26,09:45,09,45,In,Bus,100,2,51.99999999999999,0.0,0.0,0
2022-10-26,2022,10,26,09:45,09,45,In,Car,102,8,1.5,0.0,1.0,1
2022-10-26,2022,10,26,09:45,09,45,In,Taxi,102,1,3.0,0.0,0.0,0
2022-10-26,2022,10,26,09:45,09,45,In,Van,100,1,2.0,0.0,0.0,0
2022-10-26,2022,10,26,09:45,09,45,Out,Bus,98,2,4.0,0.0,0.0,0
2022-10-26,2022,10,26,09:45,09,45,Out,Car,98,8,1.625,0.0,3.0,1
2022-10-26,2022,10,26,09:45,09,45,Out,Van,98,2,1.0,0.0,0.0,0
2022-10-26,2022,10,26,09:50,09,50,In,Bicycle,102,1,1.0,0.0,0.0,0
2022-10-26,2022,10,26,09:50,09,50,In,Bus,100,2,72.0,0.0,0.0,0
2022-10-26,2022,10,26,09:50,09,50,In,Car,111,14,1.8571428571428572,0.0,0.0,0
2022-10-26,2022,10,26,09:50,09,50,In,Taxi,102,2,1.0,0.0,1.0,1
2022-10-26,2022,10,26,09:50,09,50,In,Van,102,1,3.0,0.0,0.0,0
2022-10-26,2022,10,26,09:50,09,50,Out,Bus,98,1,0.0,0.0,0.0,0
2022-10-26,2022,10,26,09:50,09,50,Out,Car,98,1,1.0,0.0,0.0,0
2022-10-26,2022,10,26,09:50,09,50,Out,Lorry,98,1,2.0,0.0,0.0,0
2022-10-26,2022,10,26,09:55,09,55,In,Bicycle,109,3,1.0,0.0,0.0,0
2022-10-26,2022,10,26,09:55,09,55,In,Bus,102,1,32.0,0.0,0.0,0
2022-10-26,2022,10,26,09:55,09,55,In,Car,109,32,2.21875,0.0,0.0,0
2022-10-26,2022,10,26,09:55,09,55,In,Taxi,102,1,1.0,0.0,0.0,0
2022-10-26,2022,10,26,09:55,09,55,In,Van,102,1,2.0,0.0,0.0,0
2022-10-26,2022,10,26,09:55,09,55,Out,Bicycle,106,1,1.0,0.0,0.0,0
2022-10-26,2022,10,26,09:55,09,55,Out,Car,106,19,1.4736842105263157,0.0,2.0,1
2022-10-26,2022,10,26,09:55,09,55,Out,Lorry,106,1,2.0,0.0,0.0,0
2022-10-26,2022,10,26,09:55,09,55,Out,Taxi,106,1,1.0,0.0,0.0,0
2022-10-26,2022,10,26,09:55,09,55,Out,Van,106,2,2.0,0.0,0.0,0
2022-10-26,2022,10,26,10:00,10,00,In,Bicycle,107,1,1.0,0.0,0.0,0
2022-10-26,2022,10,26,10:00,10,00,In,Bus,107,3,21.333333333333332,0.0,0.0,0
2022-10-26,2022,10,26,10:00,10,00,In,Car,107,21,1.3333333333333333,0.0,0.0,0
2022-10-26,2022,10,26,10:00,10,00,In,Lorry,109,1,1.0,0.0,0.0,0
2022-10-26,2022,10,26,10:00,10,00,In,Motorbike,109,1,1.0,0.0,0.0,0
2022-10-26,2022,10,26,10:00,10,00,In,Taxi,107,1,1.0,0.0,0.0,0
2022-10-26,2022,10,26,10:00,10,00,In,Van,107,2,1.5,0.0,0.0,0
2022-10-26,2022,10,26,10:00,10,00,Out,Bus,106,2,4.0,0.0,0.0,0
2022-10-26,2022,10,26,10:00,10,00,Out,Car,106,12,1.0,0.0,1.0,1
2022-10-26,2022,10,26,10:00,10,00,Out,Taxi,106,1,1.0,0.0,0.0,0
2022-10-26,2022,10,26,10:05,10,05,In,Bicycle,107,1,1.0,0.0,0.0,0
2022-10-26,2022,10,26,10:05,10,05,In,Bus,107,3,6.666666666666666,0.0,0.0,0
2022-10-26,2022,10,26,10:05,10,05,In,Car,109,22,2.090909090909091,0.0,0.0,0
2022-10-26,2022,10,26,10:05,10,05,In,Taxi,107,3,2.0,0.0,0.0,0
2022-10-26,2022,10,26,10:05,10,05,In,Van,107,1,1.0,0.0,0.0,0
2022-10-26,2022,10,26,10:05,10,05,Out,Bus,106,3,14.666666666666668,0.0,0.0,0
2022-10-26,2022,10,26,10:05,10,05,Out,Car,106,16,2.0625,0.0,2.0,1
2022-10-26,2022,10,26,10:05,10,05,Out,Taxi,106,1,1.0,0.0,0.0,0
2022-10-26,2022,10,26,10:05,10,05,Out,Van,105,1,1.0,0.0,0.0,0
2022-10-26,2022,10,26,10:10,10,10,In,Bicycle,109,3,1.0,0.0,0.0,0
2022-10-26,2022,10,26,10:10,10,10,In,Bus,107,2,14.0,0.0,0.0,0
2022-10-26,2022,10,26,10:10,10,10,In,Car,109,26,1.7307692307692308,0.0,0.0,0
2022-10-26,2022,10,26,10:10,10,10,In,Lorry,109,1,1.0,0.0,0.0,0
2022-10-26,2022,10,26,10:10,10,10,In,Taxi,109,3,2.6666666666666665,0.0,0.0,0
2022-10-26,2022,10,26,10:10,10,10,In,Van,107,1,1.0,0.0,0.0,0
2022-10-26,2022,10,26,10:10,10,10,Out,Bus,105,2,4.0,0.0,0.0,0
2022-10-26,2022,10,26,10:10,10,10,Out,Car,106,16,1.5625,0.0,2.0,1
2022-10-26,2022,10,26,10:10,10,10,Out,Lorry,105,1,1.0,0.0,0.0,0
2022-10-26,2022,10,26,10:10,10,10,Out,Motorbike,105,1,1.0,0.0,0.0,0
2022-10-26,2022,10,26,10:15,10,15,In,Bus,109,2,80.0,0.0,0.0,0
2022-10-26,2022,10,26,10:15,10,15,In,Car,107,16,1.4375,0.0,1.0,1
2022-10-26,2022,10,26,10:15,10,15,In,Lorry,107,1,1.0,0.0,0.0,0
2022-10-26,2022,10,26,10:15,10,15,In,Motorbike,107,1,1.0,0.0,0.0,0
2022-10-26,2022,10,26,10:15,10,15,In,Taxi,109,1,2.0,0.0,0.0,0
2022-10-26,2022,10,26,10:15,10,15,In,Van,107,1,1.0,0.0,0.0,0
2022-10-26,2022,10,26,10:15,10,15,Out,Bicycle,105,2,1.0,0.0,0.0,0
2022-10-26,2022,10,26,10:15,10,15,Out,Bus,105,3,5.333333333333333,0.0,0.0,0
2022-10-26,2022,10,26,10:15,10,15,Out,Car,106,19,1.4736842105263157,0.0,2.0,1
2022-10-26,2022,10,26,10:15,10,15,Out,Taxi,106,1,1.0,0.0,0.0,0
2022-10-26,2022,10,26,10:15,10,15,Out,Van,106,4,2.0,0.0,0.0,0
2022-10-26,2022,10,26,10:20,10,20,In,Bicycle,107,2,1.0,0.0,0.0,0
2022-10-26,2022,10,26,10:20,10,20,In,Bus,114,3,15.999999999999998,3.0,0.0,0
2022-10-26,2022,10,26,10:20,10,20,In,Car,109,27,1.7037037037037037,0.0,0.0,0
2022-10-26,2022,10,26,10:20,10,20,In,Lorry,109,2,1.5,0.0,0.0,0
2022-10-26,2022,10,26,10:20,10,20,In,Taxi,114,1,2.0,0.0,0.0,0
2022-10-26,2022,10,26,10:20,10,20,In,Van,107,3,1.3333333333333333,0.0,0.0,0
2022-10-26,2022,10,26,10:20,10,20,Out,Bicycle,106,2,1.0,0.0,0.0,0
2022-10-26,2022,10,26,10:20,10,20,Out,Bus,76,3,9.333333333333332,0.0,0.0,0
2022-10-26,2022,10,26,10:20,10,20,Out,Car,106,21,1.380952380952381,0.0,3.0,1
2022-10-26,2022,10,26,10:20,10,20,Out,Taxi,105,1,2.0,0.0,0.0,0
2022-10-26,2022,10,26,10:20,10,20,Out,Van,106,2,1.0,0.0,0.0,0
2022-10-26,2022,10,26,10:25,10,25,In,Bus,107,3,22.666666666666664,0.0,0.0,0
2022-10-26,2022,10,26,10:25,10,25,In,Car,114,20,2.05,0.0,0.0,0
2022-10-26,2022,10,26,10:25,10,25,In,Lorry,107,1,1.0,0.0,0.0,0
2022-10-26,2022,10,26,10:25,10,25,In,Taxi,107,2,2.0,0.0,0.0,0
2022-10-26,2022,10,26,10:25,10,25,In,Van,107,3,1.3333333333333333,0.0,0.0,0
2022-10-26,2022,10,26,10:25,10,25,Out,Bicycle,105,1,1.0,0.0,0.0,0
2022-10-26,2022,10,26,10:25,10,25,Out,Bus,105,2,3.2,0.0,0.0,0
2022-10-26,2022,10,26,10:25,10,25,Out,Car,76,18,1.5555555555555556,0.0,3.0,1
2022-10-26,2022,10,26,10:25,10,25,Out,Lorry,105,1,1.0,0.0,0.0,0
2022-10-26,2022,10,26,10:25,10,25,Out,Motorbike,76,1,1.0,0.0,0.0,0
2022-10-26,2022,10,26,10:25,10,25,Out,Taxi,76,1,1.0,0.0,0.0,0
2022-10-26,2022,10,26,10:25,10,25,Out,Van,106,2,1.5,0.0,0.0,0
2022-10-26,2022,10,26,10:30,10,30,In,Bicycle,55,4,1.25,0.0,0.0,0
2022-10-26,2022,10,26,10:30,10,30,In,Bus,90,2,72.0,0.0,0.0,0
2022-10-26,2022,10,26,10:30,10,30,In,Car,114,14,1.6428571428571428,0.0,0.0,0
2022-10-26,2022,10,26,10:30,10,30,In,Lorry,99,1,2.0,0.0,0.0,0
2022-10-26,2022,10,26,10:30,10,30,In,Motorbike,110,1,1.0,0.0,0.0,0
2022-10-26,2022,10,26,10:30,10,30,In,Taxi,114,2,2.5,0.0,0.0,0
2022-10-26,2022,10,26,10:30,10,30,In,Van,90,4,1.0,0.0,0.0,0
2022-10-26,2022,10,26,10:30,10,30,Out,Bus,76,2,8.8,0.0,0.0,0
2022-10-26,2022,10,26,10:30,10,30,Out,Car,76,14,1.5,0.0,3.0,1
2022-10-26,2022,10,26,10:30,10,30,Out,Scooter,105,1,1.0,0.0,1.0,1
2022-10-26,2022,10,26,10:30,10,30,Out,Taxi,76,1,1.0,0.0,0.0,0
2022-10-26,2022,10,26,10:35,10,35,In,Bicycle,99,2,1.0,0.0,0.0,0
2022-10-26,2022,10,26,10:35,10,35,In,Bus,99,3,66.66666666666667,0.0,0.0,0
2022-10-26,2022,10,26,10:35,10,35,In,Car,55,24,1.375,0.0,0.0,0
2022-10-26,2022,10,26,10:35,10,35,In,Lorry,55,1,1.0,0.0,0.0,0
2022-10-26,2022,10,26,10:35,10,35,In,Motorbike,114,1,1.0,0.0,0.0,0
2022-10-26,2022,10,26,10:35,10,35,In,Taxi,99,2,2.0,0.0,0.0,0
2022-10-26,2022,10,26,10:35,10,35,In,Van,99,4,1.75,0.0,1.0,1
2022-10-26,2022,10,26,10:35,10,35,Out,Bus,76,3,54.66666666666666,0.0,0.0,0
2022-10-26,2022,10,26,10:35,10,35,Out,Car,76,13,1.3076923076923077,0.0,1.0,1
2022-10-26,2022,10,26,10:35,10,35,Out,Lorry,105,1,1.0,0.0,0.0,0
2022-10-26,2022,10,26,10:35,10,35,Out,Taxi,105,3,1.3333333333333333,0.0,0.0,0
2022-10-26,2022,10,26,10:35,10,35,Out,Van,105,5,1.4,0.0,0.0,0
2022-10-26,2022,10,26,10:40,10,40,In,Bicycle,55,1,1.0,0.0,0.0,0
2022-10-26,2022,10,26,10:40,10,40,In,Bus,110,2,76.0,2.0,0.0,0
2022-10-26,2022,10,26,10:40,10,40,In,Car,99,19,1.2105263157894737,0.0,7.0,1
2022-10-26,2022,10,26,10:40,10,40,In,Lorry,114,2,2.0,0.0,0.0,0
2022-10-26,2022,10,26,10:40,10,40,In,Motorbike,90,1,1.0,0.0,0.0,0
2022-10-26,2022,10,26,10:40,10,40,In,Scooter,120,1,1.0,0.0,1.0,1
2022-10-26,2022,10,26,10:40,10,40,In,Taxi,99,2,2.0,0.0,0.0,0
2022-10-26,2022,10,26,10:40,10,40,In,Van,110,5,1.4,0.0,0.0,0
2022-10-26,2022,10,26,10:40,10,40,Out,Bus,76,1,12.0,0.0,0.0,0
2022-10-26,2022,10,26,10:40,10,40,Out,Car,76,7,1.7142857142857142,0.0,0.0,0
2022-10-26,2022,10,26,10:40,10,40,Out,Taxi,110,1,1.0,1.0,0.0,0
2022-10-26,2022,10,26,10:40,10,40,Out,Van,76,2,1.0,0.0,0.0,0
2022-10-26,2022,10,26,10:45,10,45,In,Bicycle,90,3,1.0,0.0,0.0,0
2022-10-26,2022,10,26,10:45,10,45,In,Bus,90,2,80.0,0.0,0.0,0
2022-10-26,2022,10,26,10:45,10,45,In,Car,55,31,1.2903225806451613,0.0,0.0,0
2022-10-26,2022,10,26,10:45,10,45,In,Scooter,99,1,1.0,0.0,1.0,1
2022-10-26,2022,10,26,10:45,10,45,In,Taxi,120,4,1.75,0.0,0.0,0
2022-10-26,2022,10,26,10:45,10,45,In,Van,55,3,1.0,0.0,0.0,0
2022-10-26,2022,10,26,10:45,10,45,Out,Bicycle,76,1,1.0,0.0,0.0,0
2022-10-26,2022,10,26,10:45,10,45,Out,Bus,76,3,11.2,0.0,0.0,0
2022-10-26,2022,10,26,10:45,10,45,Out,Car,76,11,1.2727272727272727,0.0,1.0,1
2022-10-26,2022,10,26,10:45,10,45,Out,Taxi,76,2,1.0,0.0,0.0,0
2022-10-26,2022,10,26,10:45,10,45,Out,Van,76,3,2.0,0.0,0.0,0
2022-10-26,2022,10,26,10:50,10,50,In,Bicycle,90,1,1.0,0.0,0.0,0
2022-10-26,2022,10,26,10:50,10,50,In,Bus,55,2,50.4,0.0,0.0,0
2022-10-26,2022,10,26,10:50,10,50,In,Car,55,26,1.9230769230769231,0.0,0.0,0
2022-10-26,2022,10,26,10:50,10,50,In,Motorbike,110,2,1.0,0.0,0.0,0
2022-10-26,2022,10,26,10:50,10,50,In,Taxi,120,2,1.5,0.0,0.0,0
2022-10-26,2022,10,26,10:50,10,50,In,Van,99,3,1.6666666666666667,0.0,1.0,1
2022-10-26,2022,10,26,10:50,10,50,Out,Bus,110,2,16.0,2.0,0.0,0
2022-10-26,2022,10,26,10:50,10,50,Out,Car,110,3,2.0,0.0,0.0,0
2022-10-26,2022,10,26,10:50,10,50,Out,Lorry,110,1,1.0,0.0,0.0,0
2022-10-26,2022,10,26,10:50,10,50,Out,Taxi,110,2,1.0,2.0,0.0,0
2022-10-26,2022,10,26,10:55,10,55,In,Bicycle,120,3,1.0,0.0,0.0,0
2022-10-26,2022,10,26,10:55,10,55,In,Bus,55,3,44.266666666666666,0.0,0.0,0
2022-10-26,2022,10,26,10:55,10,55,In,Car,55,30,1.6666666666666667,0.0,0.0,0
2022-10-26,2022,10,26,10:55,10,55,In,Motorbike,55,2,1.0,0.0,0.0,0
2022-10-26,2022,10,26,10:55,10,55,In,Scooter,120,1,1.0,0.0,1.0,1
2022-10-26,2022,10,26,10:55,10,55,In,Taxi,120,2,1.5,0.0,0.0,0
2022-10-26,2022,10,26,10:55,10,55,In,Van,55,2,1.0,0.0,0.0,0
2022-10-26,2022,10,26,10:55,10,55,Out,Bus,110,3,10.666666666666666,3.0,0.0,0
2022-10-26,2022,10,26,10:55,10,55,Out,Car,110,6,1.3333333333333333,0.0,0.0,0
2022-10-26,2022,10,26,10:55,10,55,Out,Taxi,110,1,2.0,1.0,0.0,0
2022-10-26,2022,10,26,11:00,11,00,In,Bicycle,90,2,1.0,0.0,0.0,0
2022-10-26,2022,10,26,11:00,11,00,In,Bus,120,1,80.0,0.0,0.0,0
2022-10-26,2022,10,26,11:00,11,00,In,Car,120,13,2.0,0.0,0.0,0
2022-10-26,2022,10,26,11:00,11,00,In,Taxi,120,1,1.0,0.0,0.0,0
2022-10-26,2022,10,26,11:00,11,00,In,Van,90,1,1.0,0.0,0.0,0
2022-10-26,2022,10,26,11:00,11,00,Out,Bus,117,2,14.0,2.0,0.0,0
2022-10-26,2022,10,26,11:00,11,00,Out,Car,117,9,0.4166666666666667,0.0,0.0,0
2022-10-26,2022,10,26,11:00,11,00,Out,Taxi,117,1,0.5,1.0,0.0,0
2022-10-26,2022,10,26,11:00,11,00,Out,Van,117,1,0.25,0.0,0.0,0
2022-10-26,2022,10,26,11:05,11,05,In,Bus,120,1,80.0,0.0,0.0,0
2022-10-26,2022,10,26,11:05,11,05,In,Car,120,4,2.25,0.0,0.0,0
2022-10-26,2022,10,26,11:05,11,05,In,Lorry,120,1,2.0,0.0,0.0,0
2022-10-26,2022,10,26,11:05,11,05,In,Taxi,120,1,1.0,0.0,0.0,0
2022-10-26,2022,10,26,11:05,11,05,In,Van,120,1,1.0,0.0,0.0,0
2022-10-27,2022,10,27,09:55,09,55,Out,Bus,51,2,80.0,0.0,0.0,0
2022-10-27,2022,10,27,09:55,09,55,Out,Car,51,6,1.1666666666666667,0.0,0.0,0
2022-10-27,2022,10,27,09:55,09,55,Out,Taxi,51,5,1.0,0.0,2.0,1
2022-10-27,2022,10,27,09:55,09,55,Out,Van,51,1,1.0,0.0,0.0,0
2022-10-27,2022,10,27,10:00,10,00,In,Bus,118,1,40.0,0.0,0.0,0
2022-10-27,2022,10,27,10:00,10,00,In,Car,118,2,1.0,0.0,0.0,0
2022-10-27,2022,10,27,10:00,10,00,Out,Bus,51,2,80.0,0.0,0.0,0
2022-10-27,2022,10,27,10:00,10,00,Out,Car,51,7,1.4285714285714286,0.0,0.0,0
2022-10-27,2022,10,27,10:00,10,00,Out,Taxi,51,4,1.0,0.0,0.0,0
2022-10-27,2022,10,27,10:00,10,00,Out,Van,51,3,1.3333333333333333,0.0,0.0,0
2022-10-27,2022,10,27,10:05,10,05,In,Bicycle,118,6,1.0,0.0,0.0,0
2022-10-27,2022,10,27,10:05,10,05,In,Bus,112,1,64.0,0.0,0.0,0
2022-10-27,2022,10,27,10:05,10,05,In,Car,118,7,1.2857142857142858,0.0,0.0,0
2022-10-27,2022,10,27,10:05,10,05,In,Van,118,2,1.5,0.0,0.0,0
2022-10-27,2022,10,27,10:05,10,05,Out,Bus,51,1,8.0,0.0,0.0,0
2022-10-27,2022,10,27,10:05,10,05,Out,Car,51,10,1.6,0.0,1.0,1
2022-10-27,2022,10,27,10:05,10,05,Out,Taxi,51,2,1.0,0.0,0.0,0
2022-10-27,2022,10,27,10:05,10,05,Out,Van,51,3,1.6666666666666667,0.0,0.0,0
2022-10-27,2022,10,27,10:10,10,10,In,Bicycle,118,3,1.0,0.0,0.0,0
2022-10-27,2022,10,27,10:10,10,10,In,Bus,112,2,68.0,0.0,0.0,0
2022-10-27,2022,10,27,10:10,10,10,In,Car,118,7,1.2857142857142858,0.0,0.0,0
2022-10-27,2022,10,27,10:10,10,10,In,Lorry,112,1,1.0,0.0,0.0,0
2022-10-27,2022,10,27,10:10,10,10,In,Taxi,118,1,1.0,0.0,0.0,0
2022-10-27,2022,10,27,10:10,10,10,Out,Bicycle,112,1,1.0,0.0,0.0,0
2022-10-27,2022,10,27,10:10,10,10,Out,Bus,51,3,6.666666666666666,0.0,0.0,0
2022-10-27,2022,10,27,10:10,10,10,Out,Car,51,16,1.875,0.0,3.0,1
2022-10-27,2022,10,27,10:10,10,10,Out,Taxi,51,1,1.0,0.0,0.0,0
2022-10-27,2022,10,27,10:10,10,10,Out,Van,51,1,1.0,0.0,0.0,0
2022-10-27,2022,10,27,10:15,10,15,In,Bicycle,112,2,1.0,0.0,0.0,0
2022-10-27,2022,10,27,10:15,10,15,In,Bus,118,1,24.0,0.0,0.0,0
2022-10-27,2022,10,27,10:15,10,15,In,Car,118,6,1.0,0.0,0.0,0
2022-10-27,2022,10,27,10:15,10,15,In,Taxi,118,1,2.0,0.0,0.0,0
2022-10-27,2022,10,27,10:15,10,15,In,Van,112,1,2.0,0.0,0.0,0
2022-10-27,2022,10,27,10:15,10,15,Out,Bicycle,112,1,1.0,0.0,0.0,0
2022-10-27,2022,10,27,10:15,10,15,Out,Bus,112,2,12.000000000000002,0.0,0.0,0
2022-10-27,2022,10,27,10:15,10,15,Out,Car,51,9,1.2222222222222223,0.0,0.0,0
2022-10-27,2022,10,27,10:15,10,15,Out,Lorry,112,2,1.0,0.0,0.0,0
2022-10-27,2022,10,27,10:15,10,15,Out,Taxi,51,4,1.0,0.0,0.0,0
2022-10-27,2022,10,27,10:15,10,15,Out,Van,51,2,1.5,0.0,0.0,0
2022-10-27,2022,10,27,10:20,10,20,In,Bicycle,112,1,1.0,0.0,0.0,0
2022-10-27,2022,10,27,10:20,10,20,In,Bus,118,2,12.000000000000002,0.0,0.0,0
2022-10-27,2022,10,27,10:20,10,20,In,Car,112,1,2.0,0.0,0.0,0
2022-10-27,2022,10,27,10:20,10,20,In,Van,118,1,1.0,0.0,0.0,0
2022-10-27,2022,10,27,10:20,10,20,Out,Bicycle,51,1,1.0,0.0,1.0,1
2022-10-27,2022,10,27,10:20,10,20,Out,Bus,51,3,30.666666666666668,0.0,0.0,0
2022-10-27,2022,10,27,10:20,10,20,Out,Car,51,8,1.625,0.0,1.0,1
2022-10-27,2022,10,27,10:20,10,20,Out,Motorbike,112,1,1.0,0.0,0.0,0
2022-10-27,2022,10,27,10:20,10,20,Out,Taxi,51,1,2.0,0.0,0.0,0
2022-10-27,2022,10,27,10:20,10,20,Out,Van,51,2,2.0,0.0,0.0,0
2022-10-27,2022,10,27,10:25,10,25,In,Bicycle,112,1,1.0,0.0,0.0,0
2022-10-27,2022,10,27,10:25,10,25,In,Bus,118,1,12.0,0.0,0.0,0
2022-10-27,2022,10,27,10:25,10,25,In,Car,118,4,1.5,0.0,0.0,0
2022-10-27,2022,10,27,10:25,10,25,In,Motorbike,118,1,1.0,0.0,0.0,0
2022-10-27,2022,10,27,10:25,10,25,In,Van,118,1,1.0,0.0,0.0,0
2022-10-27,2022,10,27,10:25,10,25,Out,Bus,87,1,8.0,0.0,0.0,0
2022-10-27,2022,10,27,10:25,10,25,Out,Car,87,7,1.4285714285714286,0.0,0.0,0
2022-10-27,2022,10,27,10:25,10,25,Out,Lorry,112,1,1.0,0.0,0.0,0
2022-10-27,2022,10,27,10:25,10,25,Out,Van,112,1,2.0,0.0,0.0,0
2022-10-27,2022,10,27,10:30,10,30,In,Bus,85,3,69.33333333333334,0.0,0.0,0
2022-10-27,2022,10,27,10:30,10,30,In,Car,85,28,1.7142857142857142,0.0,0.0,0
2022-10-27,2022,10,27,10:30,10,30,In,Lorry,85,1,1.0,0.0,0.0,0
2022-10-27,2022,10,27,10:30,10,30,In,Taxi,78,2,1.0,0.0,0.0,0
2022-10-27,2022,10,27,10:30,10,30,In,Van,78,4,1.75,0.0,0.0,0
2022-10-27,2022,10,27,10:30,10,30,Out,Bus,85,2,8.0,0.0,0.0,0
2022-10-27,2022,10,27,10:30,10,30,Out,Car,85,9,1.4444444444444444,0.0,0.0,0
2022-10-27,2022,10,27,10:30,10,30,Out,Van,87,2,1.0,0.0,0.0,0
2022-10-27,2022,10,27,10:35,10,35,In,Bus,85,5,67.2,0.0,0.0,0
2022-10-27,2022,10,27,10:35,10,35,In,Car,85,24,2.0833333333333335,0.0,0.0,0
2022-10-27,2022,10,27,10:35,10,35,In,Taxi,108,3,1.3333333333333333,0.0,0.0,0
2022-10-27,2022,10,27,10:35,10,35,In,Van,78,3,1.0,0.0,0.0,0
2022-10-27,2022,10,27,10:35,10,35,Out,Bus,85,3,21.333333333333332,0.0,0.0,0
2022-10-27,2022,10,27,10:35,10,35,Out,Car,85,13,1.6153846153846154,0.0,0.0,0
2022-10-27,2022,10,27,10:35,10,35,Out,Taxi,87,3,1.0,0.0,0.0,0
2022-10-27,2022,10,27,10:35,10,35,Out,Van,87,5,1.0,0.0,0.0,0
2022-10-27,2022,10,27,10:40,10,40,In,Bus,85,4,60.0,0.0,0.0,0
2022-10-27,2022,10,27,10:40,10,40,In,Car,85,25,2.16,0.0,0.0,0
2022-10-27,2022,10,27,10:40,10,40,In,Lorry,108,1,1.0,0.0,1.0,1
2022-10-27,2022,10,27,10:40,10,40,In,Motorbike,85,1,1.0,0.0,0.0,0
2022-10-27,2022,10,27,10:40,10,40,In,Taxi,78,1,2.0,0.0,0.0,0
2022-10-27,2022,10,27,10:40,10,40,In,Van,85,2,1.0,0.0,0.0,0
2022-10-27,2022,10,27,10:40,10,40,Out,Bus,85,2,0.0,0.0,0.0,0
2022-10-27,2022,10,27,10:40,10,40,Out,Car,85,10,1.8,0.0,0.0,0
2022-10-27,2022,10,27,10:40,10,40,Out,Taxi,87,1,1.0,0.0,0.0,0
2022-10-27,2022,10,27,10:40,10,40,Out,Van,85,2,1.5,0.0,0.0,0
2022-10-27,2022,10,27,10:45,10,45,In,Bus,85,4,52.0,0.0,0.0,0
2022-10-27,2022,10,27,10:45,10,45,In,Car,78,30,1.5333333333333334,0.0,0.0,0
2022-10-27,2022,10,27,10:45,10,45,In,Motorbike,78,1,1.0,0.0,0.0,0
2022-10-27,2022,10,27,10:45,10,45,In,Taxi,108,3,2.0,0.0,1.0,1
2022-10-27,2022,10,27,10:45,10,45,In,Van,78,1,1.0,0.0,0.0,0
2022-10-27,2022,10,27,10:45,10,45,Out,Bus,87,2,6.000000000000001,0.0,0.0,0
2022-10-27,2022,10,27,10:45,10,45,Out,Car,85,12,2.0,0.0,0.0,0
2022-10-27,2022,10,27,10:45,10,45,Out,Lorry,87,3,1.0,0.0,0.0,0
2022-10-27,2022,10,27,10:45,10,45,Out,Taxi,87,2,1.0,0.0,0.0,0
2022-10-27,2022,10,27,10:45,10,45,Out,Van,85,1,1.0,0.0,0.0,0
2022-10-27,2022,10,27,10:50,10,50,In,Bicycle,78,2,1.0,0.0,0.0,0
2022-10-27,2022,10,27,10:50,10,50,In,Bus,78,3,57.333333333333336,0.0,0.0,0
2022-10-27,2022,10,27,10:50,10,50,In,Car,78,28,1.3571428571428572,0.0,0.0,0
2022-10-27,2022,10,27,10:50,10,50,In,Lorry,83,1,2.0,0.0,0.0,0
2022-10-27,2022,10,27,10:50,10,50,In,Motorbike,85,2,1.0,0.0,0.0,0
2022-10-27,2022,10,27,10:50,10,50,In,Van,78,3,3.3333333333333335,0.0,0.0,0
2022-10-27,2022,10,27,10:50,10,50,Out,Bus,87,2,4.0,0.0,0.0,0
2022-10-27,2022,10,27,10:50,10,50,Out,Car,85,12,2.0,0.0,0.0,0
2022-10-27,2022,10,27,10:50,10,50,Out,Van,87,1,2.0,0.0,0.0,0
2022-10-27,2022,10,27,10:55,10,55,In,Bicycle,78,4,1.0,0.0,0.0,0
2022-10-27,2022,10,27,10:55,10,55,In,Bus,85,3,58.66666666666667,0.0,0.0,0
2022-10-27,2022,10,27,10:55,10,55,In,Car,85,24,1.6666666666666667,0.0,0.0,0
2022-10-27,2022,10,27,10:55,10,55,In,Motorbike,85,1,1.0,0.0,0.0,0
2022-10-27,2022,10,27,10:55,10,55,In,Taxi,83,2,1.5,0.0,0.0,0
2022-10-27,2022,10,27,10:55,10,55,In,Van,108,4,1.75,0.0,2.0,1
2022-10-27,2022,10,27,10:55,10,55,Out,Bicycle,87,1,1.0,0.0,0.0,0
2022-10-27,2022,10,27,10:55,10,55,Out,Bus,85,2,16.0,0.0,0.0,0
2022-10-27,2022,10,27,10:55,10,55,Out,Car,85,14,2.0,0.0,0.0,0
2022-10-27,2022,10,27,10:55,10,55,Out,Lorry,87,1,1.0,0.0,0.0,0
2022-10-27,2022,10,27,10:55,10,55,Out,Motorbike,85,1,1.0,0.0,0.0,0
2022-10-27,2022,10,27,10:55,10,55,Out,Taxi,85,1,1.0,0.0,0.0,0
2022-10-27,2022,10,27,10:55,10,55,Out,Van,85,1,1.0,0.0,0.0,0
2022-10-27,2022,10,27,11:00,11,00,In,Bicycle,108,4,1.25,0.0,0.0,0
2022-10-27,2022,10,27,11:00,11,00,In,Bus,83,1,72.0,0.0,0.0,0
2022-10-27,2022,10,27,11:00,11,00,In,Car,108,17,1.6470588235294117,0.0,2.0,1
2022-10-27,2022,10,27,11:00,11,00,In,Scooter,108,1,1.0,0.0,1.0,1
2022-10-27,2022,10,27,11:00,11,00,In,Taxi,83,1,2.0,0.0,0.0,0
2022-10-27,2022,10,27,11:00,11,00,In,Van,108,2,1.5,0.0,0.0,0
2022-10-27,2022,10,27,11:05,11,05,In,Bicycle,83,1,1.0,0.0,0.0,0
2022-10-27,2022,10,27,11:05,11,05,In,Bus,83,1,36.0,0.0,0.0,0
2022-10-27,2022,10,27,11:05,11,05,In,Car,83,7,1.5714285714285714,0.0,0.0,0
2022-10-27,2022,10,27,11:05,11,05,In,Taxi,83,1,2.0,0.0,0.0,0
2022-10-27,2022,10,27,11:10,11,10,In,Bicycle,83,1,1.0,0.0,0.0,0
2022-10-27,2022,10,27,11:10,11,10,In,Bus,83,1,72.0,0.0,0.0,0
2022-10-27,2022,10,27,11:10,11,10,In,Car,83,7,1.7142857142857142,0.0,1.0,1
2022-10-27,2022,10,27,11:10,11,10,In,Lorry,83,1,1.0,0.0,0.0,0
2022-10-27,2022,10,27,11:15,11,15,In,Bus,83,2,54.0,0.0,0.0,0
2022-10-27,2022,10,27,11:15,11,15,In,Car,83,3,1.0,0.0,1.0,1
2022-10-27,2022,10,27,11:15,11,15,In,Taxi,83,1,2.0,0.0,0.0,0
2022-10-27,2022,10,27,11:20,11,20,In,Bus,83,1,36.0,0.0,0.0,0
2022-10-28,2022,10,28,09:30,09,30,In,Bicycle,113,2,1.0,0.0,0.0,0
2022-10-28,2022,10,28,09:30,09,30,In,Bus,113,2,25.6,0.0,0.0,0
2022-10-28,2022,10,28,09:30,09,30,In,Car,113,12,1.0833333333333333,0.0,3.0,1
2022-10-28,2022,10,28,09:35,09,35,In,Bicycle,113,3,1.0,0.0,0.0,0
2022-10-28,2022,10,28,09:35,09,35,In,Bus,113,1,38.4,0.0,0.0,0
2022-10-28,2022,10,28,09:35,09,35,In,Car,113,15,1.1333333333333333,0.0,1.0,1
2022-10-28,2022,10,28,09:35,09,35,In,Lorry,113,1,1.0,0.0,0.0,0
2022-10-28,2022,10,28,09:40,09,40,In,Bicycle,113,2,1.0,0.0,0.0,0
2022-10-28,2022,10,28,09:40,09,40,In,Bus,113,1,64.0,0.0,0.0,0
2022-10-28,2022,10,28,09:40,09,40,In,Car,113,25,1.16,0.0,1.0,1
2022-10-28,2022,10,28,09:40,09,40,In,Motorbike,113,1,1.0,0.0,0.0,0
2022-10-28,2022,10,28,09:45,09,45,In,Bus,113,3,36.266666666666666,0.0,0.0,0
2022-10-28,2022,10,28,09:45,09,45,In,Car,113,17,1.2352941176470589,0.0,1.0,1
2022-10-28,2022,10,28,09:50,09,50,In,Bicycle,113,1,1.0,0.0,0.0,0
2022-10-28,2022,10,28,09:50,09,50,In,Bus,113,3,46.93333333333334,0.0,0.0,0
2022-10-28,2022,10,28,09:50,09,50,In,Car,113,24,1.2916666666666667,0.0,2.0,1
2022-10-28,2022,10,28,09:55,09,55,In,Car,113,28,1.6071428571428572,0.0,2.0,1
2022-10-28,2022,10,28,09:55,09,55,In,Motorbike,113,1,1.0,0.0,0.0,0
2022-10-28,2022,10,28,10:00,10,00,In,Car,113,1,1.0,0.0,0.0,0
2023-10-23,2023,10,23,10:00,10,00,In,Bicycle,24,3,1.0,0.0,0.0,0
2023-10-23,2023,10,23,10:00,10,00,In,Bus,8,2,33.6,0.0,0.0,0
2023-10-23,2023,10,23,10:00,10,00,In,Car,24,14,1.3571428571428572,0.0,0.0,0
2023-10-23,2023,10,23,10:00,10,00,In,Motorbike,8,1,1.0,0.0,0.0,0
2023-10-23,2023,10,23,10:00,10,00,Out,Bus,9,2,80.0,0.0,0.0,0
2023-10-23,2023,10,23,10:00,10,00,Out,Car,9,5,1.4,0.0,0.0,0
2023-10-23,2023,10,23,10:00,10,00,Out,Taxi,9,1,1.0,0.0,0.0,0
2023-10-23,2023,10,23,10:05,10,05,In,Bicycle,8,2,1.0,0.0,0.0,0
2023-10-23,2023,10,23,10:05,10,05,In,Bus,24,3,58.66666666666667,0.0,0.0,0
2023-10-23,2023,10,23,10:05,10,05,In,Car,24,26,1.4615384615384615,0.0,6.0,1
2023-10-23,2023,10,23,10:05,10,05,Out,Bicycle,9,1,1.0,0.0,0.0,0
2023-10-23,2023,10,23,10:05,10,05,Out,Bus,3,4,61.0,0.0,0.0,0
2023-10-23,2023,10,23,10:05,10,05,Out,Car,3,8,1.125,0.0,0.0,0
2023-10-23,2023,10,23,10:05,10,05,Out,Taxi,3,1,1.0,0.0,0.0,0
2023-10-23,2023,10,23,10:05,10,05,Out,Van,3,1,2.0,0.0,0.0,0
2023-10-23,2023,10,23,10:10,10,10,In,Bicycle,8,1,1.0,0.0,0.0,0
2023-10-23,2023,10,23,10:10,10,10,In,Bus,8,1,56.0,0.0,0.0,0
2023-10-23,2023,10,23,10:10,10,10,In,Car,24,23,1.5217391304347827,0.0,4.0,1
2023-10-23,2023,10,23,10:10,10,10,In,Lorry,24,1,1.0,0.0,0.0,0
2023-10-23,2023,10,23,10:10,10,10,In,Taxi,24,1,1.0,0.0,0.0,0
2023-10-23,2023,10,23,10:10,10,10,In,Van,24,2,1.0,0.0,0.0,0
2023-10-23,2023,10,23,10:10,10,10,Out,Bus,3,2,42.0,0.0,0.0,0
2023-10-23,2023,10,23,10:10,10,10,Out,Car,3,11,1.3636363636363635,0.0,0.0,0
2023-10-23,2023,10,23,10:10,10,10,Out,Lorry,9,1,2.0,0.0,0.0,0
2023-10-23,2023,10,23,10:10,10,10,Out,Taxi,3,2,1.5,0.0,0.0,0
2023-10-23,2023,10,23,10:15,10,15,In,Bicycle,8,1,1.0,0.0,0.0,0
2023-10-23,2023,10,23,10:15,10,15,In,Bus,24,4,19.0,0.0,0.0,0
2023-10-23,2023,10,23,10:15,10,15,In,Car,24,16,1.375,0.0,2.0,1
2023-10-23,2023,10,23,10:15,10,15,In,Motorbike,8,2,1.0,0.0,0.0,0
2023-10-23,2023,10,23,10:15,10,15,In,Taxi,8,1,2.0,0.0,0.0,0
2023-10-23,2023,10,23,10:15,10,15,In,Van,24,4,1.0,0.0,0.0,0
2023-10-23,2023,10,23,10:15,10,15,Out,Bicycle,3,1,1.0,0.0,0.0,0
2023-10-23,2023,10,23,10:15,10,15,Out,Bus,9,2,2.4,0.0,0.0,0
2023-10-23,2023,10,23,10:15,10,15,Out,Car,3,8,1.5,0.0,0.0,0
2023-10-23,2023,10,23,10:15,10,15,Out,Taxi,3,2,1.0,0.0,0.0,0
2023-10-23,2023,10,23,10:15,10,15,Out,Van,9,2,2.0,0.0,0.0,0
2023-10-23,2023,10,23,10:20,10,20,In,Bicycle,8,2,1.0,0.0,0.0,0
2023-10-23,2023,10,23,10:20,10,20,In,Bus,8,3,44.8,0.0,0.0,0
2023-10-23,2023,10,23,10:20,10,20,In,Car,8,11,1.7272727272727273,0.0,0.0,0
2023-10-23,2023,10,23,10:20,10,20,In,Lorry,24,1,1.0,0.0,0.0,0
2023-10-23,2023,10,23,10:20,10,20,In,Motorbike,8,2,1.0,0.0,0.0,0
2023-10-23,2023,10,23,10:20,10,20,In,Van,8,2,2.0,0.0,0.0,0
2023-10-23,2023,10,23,10:20,10,20,Out,Bicycle,9,1,1.0,0.0,0.0,0
2023-10-23,2023,10,23,10:20,10,20,Out,Bus,9,4,42.0,0.0,0.0,0
2023-10-23,2023,10,23,10:20,10,20,Out,Car,9,7,1.0,0.0,0.0,0
2023-10-23,2023,10,23,10:20,10,20,Out,Lorry,3,3,1.3333333333333333,0.0,0.0,0
2023-10-23,2023,10,23,10:20,10,20,Out,Taxi,25,1,1.0,0.0,0.0,0
2023-10-23,2023,10,23,10:20,10,20,Out,Van,3,1,1.0,0.0,0.0,0
2023-10-23,2023,10,23,10:25,10,25,In,Bicycle,25,1,1.0,0.0,0.0,0
2023-10-23,2023,10,23,10:25,10,25,In,Bus,24,2,10.0,0.0,0.0,0
2023-10-23,2023,10,23,10:25,10,25,In,Car,24,17,1.5294117647058822,0.0,1.0,1
2023-10-23,2023,10,23,10:25,10,25,In,Van,24,2,1.0,0.0,0.0,0
2023-10-23,2023,10,23,10:25,10,25,Out,Bicycle,9,1,1.0,0.0,0.0,0
2023-10-23,2023,10,23,10:25,10,25,Out,Bus,3,3,54.66666666666666,0.0,0.0,0
2023-10-23,2023,10,23,10:25,10,25,Out,Car,9,9,1.3333333333333333,0.0,0.0,0
2023-10-23,2023,10,23,10:25,10,25,Out,Lorry,25,2,1.5,0.0,0.0,0
2023-10-23,2023,10,23,10:25,10,25,Out,Van,3,1,1.0,0.0,0.0,0
2023-10-23,2023,10,23,10:30,10,30,In,Bicycle,24,1,1.0,0.0,0.0,0
2023-10-23,2023,10,23,10:30,10,30,In,Bus,24,3,16.000000000000004,0.0,0.0,0
2023-10-23,2023,10,23,10:30,10,30,In,Car,24,16,1.4375,0.0,1.0,1
2023-10-23,2023,10,23,10:30,10,30,In,Lorry,24,1,1.0,0.0,0.0,0
2023-10-23,2023,10,23,10:30,10,30,In,Taxi,24,1,2.0,0.0,0.0,0
2023-10-23,2023,10,23,10:30,10,30,In,Van,25,2,1.0,0.0,0.0,0
2023-10-23,2023,10,23,10:30,10,30,Out,Bicycle,1,1,1.0,0.0,0.0,0
2023-10-23,2023,10,23,10:30,10,30,Out,Bus,1,3,10.666666666666666,3.0,0.0,0
2023-10-23,2023,10,23,10:30,10,30,Out,Car,1,8,0.25,1.0,0.0,0
2023-10-23,2023,10,23,10:30,10,30,Out,Van,1,2,0.75,2.0,0.0,0
2023-10-23,2023,10,23,10:35,10,35,In,Bicycle,64,1,1.0,0.0,0.0,0
2023-10-23,2023,10,23,10:35,10,35,In,Bus,35,2,72.0,0.0,0.0,0
2023-10-23,2023,10,23,10:35,10,35,In,Car,35,26,1.2307692307692308,0.0,0.0,0
2023-10-23,2023,10,23,10:35,10,35,In,Lorry,35,1,1.0,0.0,0.0,0
2023-10-23,2023,10,23,10:35,10,35,In,Van,25,1,1.0,0.0,0.0,0
2023-10-23,2023,10,23,10:35,10,35,Out,Bicycle,25,1,1.0,0.0,0.0,0
2023-10-23,2023,10,23,10:35,10,35,Out,Bus,64,3,54.66666666666666,0.0,0.0,0
2023-10-23,2023,10,23,10:35,10,35,Out,Car,37,6,1.8333333333333333,0.0,0.0,0
2023-10-23,2023,10,23,10:35,10,35,Out,Lorry,1,1,0.5,0.0,0.0,0
2023-10-23,2023,10,23,10:35,10,35,Out,Van,25,2,1.0,0.0,0.0,0
2023-10-23,2023,10,23,10:40,10,40,In,Bus,25,2,44.0,0.0,0.0,0
2023-10-23,2023,10,23,10:40,10,40,In,Car,25,19,1.2105263157894737,0.0,1.0,1
2023-10-23,2023,10,23,10:40,10,40,In,Lorry,25,1,1.0,0.0,0.0,0
2023-10-23,2023,10,23,10:40,10,40,In,Taxi,35,2,2.0,0.0,0.0,0
2023-10-23,2023,10,23,10:40,10,40,In,Van,35,2,2.5,0.0,0.0,0
2023-10-23,2023,10,23,10:40,10,40,Out,Bus,1,1,8.0,1.0,0.0,0
2023-10-23,2023,10,23,10:40,10,40,Out,Car,1,6,0.2833333333333333,1.0,0.0,0
2023-10-23,2023,10,23,10:40,10,40,Out,Lorry,1,1,0.5,1.0,0.0,0
2023-10-23,2023,10,23,10:40,10,40,Out,Taxi,1,1,0.2,1.0,0.0,0
2023-10-23,2023,10,23,10:45,10,45,In,Bus,25,3,68.0,0.0,0.0,0
2023-10-23,2023,10,23,10:45,10,45,In,Car,35,26,2.0,0.0,0.0,0
2023-10-23,2023,10,23,10:45,10,45,In,Lorry,25,1,1.0,0.0,0.0,0
2023-10-23,2023,10,23,10:45,10,45,In,Taxi,25,2,2.0,0.0,1.0,1
2023-10-23,2023,10,23,10:45,10,45,In,Van,35,2,1.5,0.0,0.0,0
2023-10-23,2023,10,23,10:45,10,45,Out,Bus,1,2,12.000000000000002,1.0,0.0,0
2023-10-23,2023,10,23,10:45,10,45,Out,Car,1,7,0.2857142857142857,1.0,0.0,0
2023-10-23,2023,10,23,10:45,10,45,Out,Lorry,25,1,1.0,0.0,0.0,0
2023-10-23,2023,10,23,10:45,10,45,Out,Taxi,25,1,1.0,0.0,0.0,0
2023-10-23,2023,10,23,10:45,10,45,Out,Van,1,1,0.5,0.0,0.0,0
2023-10-23,2023,10,23,10:50,10,50,In,Bicycle,54,1,1.0,1.0,0.0,0
2023-10-23,2023,10,23,10:50,10,50,In,Bus,54,1,80.0,1.0,0.0,0
2023-10-23,2023,10,23,10:50,10,50,In,Car,35,24,1.7916666666666667,0.0,0.0,0
2023-10-23,2023,10,23,10:50,10,50,Out,Bus,37,2,8.0,0.0,0.0,0
2023-10-23,2023,10,23,10:50,10,50,Out,Car,1,9,0.2888888888888889,1.0,0.0,0
2023-10-23,2023,10,23,10:50,10,50,Out,Lorry,1,1,0.5,1.0,0.0,0
2023-10-23,2023,10,23,10:50,10,50,Out,Taxi,37,2,1.0,0.0,0.0,0
2023-10-23,2023,10,23,10:55,10,55,In,Bicycle,54,2,1.0,0.0,0.0,0
2023-10-23,2023,10,23,10:55,10,55,In,Bus,54,2,72.0,2.0,0.0,0
2023-10-23,2023,10,23,10:55,10,55,In,Car,54,28,2.2857142857142856,8.0,0.0,0
2023-10-23,2023,10,23,10:55,10,55,In,Lorry,54,1,5.0,1.0,0.0,0
2023-10-23,2023,10,23,10:55,10,55,In,Van,35,1,1.0,0.0,0.0,0
2023-10-23,2023,10,23,10:55,10,55,Out,Bus,1,2,16.0,2.0,0.0,0
2023-10-23,2023,10,23,10:55,10,55,Out,Car,37,12,1.5,0.0,0.0,0
2023-10-23,2023,10,23,10:55,10,55,Out,Van,37,3,1.0,0.0,0.0,0
2023-10-23,2023,10,23,11:00,11,00,In,Car,35,1,1.0,0.0,0.0,0
2023-10-24,2023,10,24,08:45,08,45,In,Bus,43,3,61.33333333333333,0.0,0.0,0
2023-10-24,2023,10,24,08:45,08,45,In,Car,43,21,1.2380952380952381,0.0,1.0,1
2023-10-24,2023,10,24,08:45,08,45,In,Van,43,4,1.0,0.0,0.0,0
2023-10-24,2023,10,24,08:50,08,50,In,Bicycle,43,1,1.0,0.0,0.0,0
2023-10-24,2023,10,24,08:50,08,50,In,Car,43,52,1.7307692307692308,0.0,0.0,0
2023-10-24,2023,10,24,08:50,08,50,In,Lorry,43,1,1.0,0.0,0.0,0
2023-10-24,2023,10,24,08:50,08,50,In,Taxi,43,1,2.0,0.0,0.0,0
2023-10-24,2023,10,24,08:55,08,55,In,Bicycle,43,2,1.0,0.0,0.0,0
2023-10-24,2023,10,24,08:55,08,55,In,Bus,43,2,80.0,0.0,0.0,0
2023-10-24,2023,10,24,08:55,08,55,In,Car,43,64,1.515625,0.0,3.0,1
2023-10-24,2023,10,24,08:55,08,55,In,Lorry,43,1,1.0,0.0,0.0,0
2023-10-24,2023,10,24,08:55,08,55,In,Motorbike,43,1,1.0,0.0,0.0,0
2023-10-24,2023,10,24,08:55,08,55,In,Scooter,43,1,1.0,0.0,1.0,1
2023-10-24,2023,10,24,08:55,08,55,In,Taxi,43,3,1.3333333333333333,0.0,1.0,1
2023-10-24,2023,10,24,08:55,08,55,In,Van,43,3,1.6666666666666667,0.0,0.0,0
2023-10-24,2023,10,24,09:00,09,00,In,Bicycle,43,5,1.0,0.0,0.0,0
2023-10-24,2023,10,24,09:00,09,00,In,Car,43,59,1.5423728813559323,0.0,1.0,1
2023-10-24,2023,10,24,09:00,09,00,In,Motorbike,43,4,1.0,0.0,0.0,0
2023-10-24,2023,10,24,09:00,09,00,In,Taxi,43,2,2.0,0.0,0.0,0
2023-10-24,2023,10,24,09:00,09,00,In,Van,43,1,2.0,0.0,0.0,0
2023-10-24,2023,10,24,09:05,09,05,In,Bicycle,43,4,1.0,0.0,0.0,0
2023-10-24,2023,10,24,09:05,09,05,In,Bus,43,3,61.33333333333333,0.0,0.0,0
2023-10-24,2023,10,24,09:05,09,05,In,Car,43,46,1.608695652173913,0.0,2.0,1
2023-10-24,2023,10,24,09:05,09,05,In,Motorbike,43,3,1.0,0.0,0.0,0
2023-10-24,2023,10,24,09:05,09,05,In,Taxi,43,2,2.0,0.0,0.0,0
2023-10-24,2023,10,24,09:10,09,10,In,Bicycle,43,2,1.0,0.0,0.0,0
2023-10-24,2023,10,24,09:10,09,10,In,Bus,43,1,80.0,0.0,0.0,0
2023-10-24,2023,10,24,09:10,09,10,In,Car,43,49,1.3061224489795917,0.0,2.0,1
2023-10-24,2023,10,24,09:10,09,10,In,Motorbike,43,1,1.0,0.0,0.0,0
2023-10-24,2023,10,24,09:10,09,10,In,Taxi,43,3,2.0,0.0,0.0,0
2023-10-24,2023,10,24,09:10,09,10,In,Van,43,1,1.0,0.0,0.0,0
2023-10-24,2023,10,24,09:15,09,15,In,Bicycle,43,1,1.0,0.0,0.0,0
2023-10-24,2023,10,24,09:15,09,15,In,Bus,43,1,72.0,0.0,0.0,0
2023-10-24,2023,10,24,09:15,09,15,In,Car,43,18,1.2777777777777777,0.0,1.0,1
2023-10-24,2023,10,24,09:15,09,15,In,Taxi,43,1,2.0,0.0,0.0,0
2023-10-24,2023,10,24,09:30,09,30,In,Bus,41,5,60.32,0.0,0.0,0
2023-10-24,2023,10,24,09:30,09,30,In,Car,41,9,2.2222222222222223,0.0,0.0,0
2023-10-24,2023,10,24,09:30,09,30,Out,Bus,14,1,4.0,0.0,0.0,0
2023-10-24,2023,10,24,09:30,09,30,Out,Car,14,4,1.75,0.0,0.0,0
2023-10-24,2023,10,24,09:30,09,30,Out,Taxi,14,1,1.0,0.0,0.0,0
2023-10-24,2023,10,24,09:35,09,35,In,Bicycle,41,1,1.0,0.0,0.0,0
2023-10-24,2023,10,24,09:35,09,35,In,Bus,5,5,33.6,0.0,0.0,0
2023-10-24,2023,10,24,09:35,09,35,In,Car,41,31,1.6451612903225807,0.0,0.0,0
2023-10-24,2023,10,24,09:35,09,35,In,Taxi,41,2,1.5,0.0,0.0,0
2023-10-24,2023,10,24,09:35,09,35,Out,Bus,14,3,29.333333333333336,0.0,0.0,0
2023-10-24,2023,10,24,09:35,09,35,Out,Car,56,4,2.25,0.0,0.0,0
2023-10-24,2023,10,24,09:35,09,35,Out,Lorry,56,2,1.0,0.0,0.0,0
2023-10-24,2023,10,24,09:35,09,35,Out,Taxi,14,1,1.0,0.0,0.0,0
2023-10-24,2023,10,24,09:35,09,35,Out,Van,56,1,1.0,0.0,0.0,0
2023-10-24,2023,10,24,09:40,09,40,In,Bicycle,41,5,1.0,0.0,0.0,0
2023-10-24,2023,10,24,09:40,09,40,In,Bus,41,1,80.0,0.0,0.0,0
2023-10-24,2023,10,24,09:40,09,40,In,Car,5,19,1.5789473684210527,0.0,0.0,0
2023-10-24,2023,10,24,09:40,09,40,In,Motorbike,5,1,1.0,0.0,0.0,0
2023-10-24,2023,10,24,09:40,09,40,In,Taxi,5,3,1.3333333333333333,0.0,1.0,1
2023-10-24,2023,10,24,09:40,09,40,In,Van,5,1,1.0,0.0,0.0,0
2023-10-24,2023,10,24,09:40,09,40,Out,Bicycle,14,1,1.0,0.0,0.0,0
2023-10-24,2023,10,24,09:40,09,40,Out,Bus,56,3,27.200000000000003,0.0,0.0,0
2023-10-24,2023,10,24,09:40,09,40,Out,Car,14,5,1.4,0.0,0.0,0
2023-10-24,2023,10,24,09:40,09,40,Out,Van,56,2,1.0,0.0,0.0,0
2023-10-24,2023,10,24,09:45,09,45,In,Bicycle,41,3,1.3333333333333333,0.0,0.0,0
2023-10-24,2023,10,24,09:45,09,45,In,Bus,41,3,80.0,0.0,0.0,0
2023-10-24,2023,10,24,09:45,09,45,In,Car,41,28,1.8214285714285714,0.0,0.0,0
2023-10-24,2023,10,24,09:45,09,45,In,Motorbike,5,1,1.0,0.0,0.0,0
2023-10-24,2023,10,24,09:45,09,45,In,Taxi,41,1,2.0,0.0,0.0,0
2023-10-24,2023,10,24,09:45,09,45,Out,Bus,14,1,2.4,0.0,0.0,0
2023-10-24,2023,10,24,09:45,09,45,Out,Car,56,5,1.0,0.0,1.0,1
2023-10-24,2023,10,24,09:45,09,45,Out,Motorbike,71,1,1.0,0.0,0.0,0
2023-10-24,2023,10,24,09:45,09,45,Out,Scooter,56,1,1.0,0.0,1.0,1
2023-10-24,2023,10,24,09:45,09,45,Out,Taxi,14,1,1.0,0.0,0.0,0
2023-10-24,2023,10,24,09:45,09,45,Out,Van,56,1,1.0,0.0,0.0,0
2023-10-24,2023,10,24,09:50,09,50,In,Bicycle,5,4,1.0,0.0,0.0,0
2023-10-24,2023,10,24,09:50,09,50,In,Bus,5,2,61.99999999999999,0.0,0.0,0
2023-10-24,2023,10,24,09:50,09,50,In,Car,5,38,1.605263157894737,0.0,0.0,0
2023-10-24,2023,10,24,09:50,09,50,In,Scooter,5,1,1.0,0.0,1.0,1
2023-10-24,2023,10,24,09:50,09,50,In,Van,5,1,1.0,0.0,0.0,0
2023-10-24,2023,10,24,09:50,09,50,Out,Bus,56,5,32.0,0.0,0.0,0
2023-10-24,2023,10,24,09:50,09,50,Out,Car,56,9,1.7777777777777777,0.0,0.0,0
2023-10-24,2023,10,24,09:50,09,50,Out,Van,71,1,1.0,0.0,0.0,0
2023-10-24,2023,10,24,09:55,09,55,In,Bicycle,41,2,1.0,0.0,0.0,0
2023-10-24,2023,10,24,09:55,09,55,In,Bus,5,2,80.0,0.0,0.0,0
2023-10-24,2023,10,24,09:55,09,55,In,Car,5,36,1.6944444444444444,0.0,0.0,0
2023-10-24,2023,10,24,09:55,09,55,In,Lorry,5,1,1.0,0.0,0.0,0
2023-10-24,2023,10,24,09:55,09,55,In,Scooter,5,2,1.0,0.0,2.0,1
2023-10-24,2023,10,24,09:55,09,55,In,Taxi,27,2,1.0,0.0,0.0,0
2023-10-24,2023,10,24,09:55,09,55,In,Van,5,2,2.0,0.0,0.0,0
2023-10-24,2023,10,24,09:55,09,55,Out,Bicycle,71,2,2.0,0.0,2.0,1
2023-10-24,2023,10,24,09:55,09,55,Out,Bus,71,1,4.0,0.0,0.0,0
2023-10-24,2023,10,24,09:55,09,55,Out,Car,71,9,1.3333333333333333,0.0,2.0,1
2023-10-24,2023,10,24,09:55,09,55,Out,Lorry,56,1,1.0,0.0,0.0,0
2023-10-24,2023,10,24,09:55,09,55,Out,Van,71,1,1.0,0.0,0.0,0
2023-10-24,2023,10,24,10:00,10,00,In,Bicycle,27,3,1.0,0.0,0.0,0
2023-10-24,2023,10,24,10:00,10,00,In,Car,27,20,1.45,0.0,1.0,1
2023-10-24,2023,10,24,10:00,10,00,In,Lorry,41,1,1.0,0.0,0.0,0
2023-10-24,2023,10,24,10:00,10,00,In,Scooter,5,3,1.0,0.0,3.0,1
2023-10-24,2023,10,24,10:00,10,00,In,Taxi,5,1,2.0,0.0,0.0,0
2023-10-24,2023,10,24,10:00,10,00,Out,Bicycle,71,1,2.0,0.0,1.0,1
2023-10-24,2023,10,24,10:00,10,00,Out,Bus,7,1,0.0,0.0,0.0,0
2023-10-24,2023,10,24,10:00,10,00,Out,Car,71,8,1.5,0.0,0.0,0
2023-10-24,2023,10,24,10:00,10,00,Out,Taxi,14,1,1.0,0.0,0.0,0
2023-10-24,2023,10,24,10:00,10,00,Out,Van,56,2,2.0,0.0,0.0,0
2023-10-24,2023,10,24,10:05,10,05,In,Bicycle,27,3,1.0,0.0,0.0,0
2023-10-24,2023,10,24,10:05,10,05,In,Bus,27,4,76.0,0.0,0.0,0
2023-10-24,2023,10,24,10:05,10,05,In,Car,27,35,1.4,0.0,0.0,0
2023-10-24,2023,10,24,10:05,10,05,In,Motorbike,27,1,1.0,0.0,0.0,0
2023-10-24,2023,10,24,10:05,10,05,In,Taxi,52,3,1.3333333333333333,0.0,0.0,0
2023-10-24,2023,10,24,10:05,10,05,Out,Bus,71,3,1.3333333333333333,0.0,0.0,0
2023-10-24,2023,10,24,10:05,10,05,Out,Car,71,7,1.4285714285714286,0.0,0.0,0
2023-10-24,2023,10,24,10:10,10,10,In,Bicycle,27,1,1.0,0.0,0.0,0
2023-10-24,2023,10,24,10:10,10,10,In,Bus,52,3,66.66666666666667,0.0,0.0,0
2023-10-24,2023,10,24,10:10,10,10,In,Car,27,14,1.2857142857142858,0.0,0.0,0
2023-10-24,2023,10,24,10:10,10,10,In,Van,27,1,1.0,0.0,0.0,0
2023-10-24,2023,10,24,10:10,10,10,Out,Bicycle,57,1,1.0,0.0,1.0,1
2023-10-24,2023,10,24,10:10,10,10,Out,Bus,57,2,41.2,0.0,0.0,0
2023-10-24,2023,10,24,10:10,10,10,Out,Car,57,9,1.2222222222222223,0.0,0.0,0
2023-10-24,2023,10,24,10:10,10,10,Out,Taxi,57,3,1.3333333333333333,0.0,0.0,0
2023-10-24,2023,10,24,10:10,10,10,Out,Van,57,1,1.0,0.0,0.0,0
2023-10-24,2023,10,24,10:15,10,15,In,Bicycle,4,1,1.0,0.0,1.0,1
2023-10-24,2023,10,24,10:15,10,15,In,Bus,4,2,72.0,0.0,0.0,0
2023-10-24,2023,10,24,10:15,10,15,In,Car,52,19,1.263157894736842,0.0,0.0,0
2023-10-24,2023,10,24,10:15,10,15,In,Lorry,4,2,2.0,0.0,0.0,0
2023-10-24,2023,10,24,10:15,10,15,In,Motorbike,4,2,1.0,0.0,0.0,0
2023-10-24,2023,10,24,10:15,10,15,In,Taxi,52,1,2.0,0.0,0.0,0
2023-10-24,2023,10,24,10:15,10,15,Out,Bicycle,22,1,1.0,0.0,1.0,1
2023-10-24,2023,10,24,10:15,10,15,Out,Bus,22,1,12.0,0.0,0.0,0
2023-10-24,2023,10,24,10:15,10,15,Out,Car,42,7,1.2857142857142858,0.0,0.0,0
2023-10-24,2023,10,24,10:15,10,15,Out,Taxi,22,2,1.0,0.0,0.0,0
2023-10-24,2023,10,24,10:15,10,15,Out,Van,22,1,1.0,0.0,0.0,0
2023-10-24,2023,10,24,10:20,10,20,In,Bicycle,52,1,1.0,0.0,0.0,0
2023-10-24,2023,10,24,10:20,10,20,In,Bus,4,5,40.0,0.0,0.0,0
2023-10-24,2023,10,24,10:20,10,20,In,Car,4,27,1.7037037037037037,0.0,0.0,0
2023-10-24,2023,10,24,10:20,10,20,In,Motorbike,4,1,1.0,0.0,0.0,0
2023-10-24,2023,10,24,10:20,10,20,In,Taxi,52,1,2.0,0.0,0.0,0
2023-10-24,2023,10,24,10:20,10,20,In,Van,42,2,1.0,0.0,0.0,0
2023-10-24,2023,10,24,10:20,10,20,Out,Bus,42,3,12.0,3.0,0.0,0
2023-10-24,2023,10,24,10:20,10,20,Out,Car,22,8,1.125,0.0,0.0,0
2023-10-24,2023,10,24,10:20,10,20,Out,Taxi,22,2,1.0,0.0,0.0,0
2023-10-24,2023,10,24,10:20,10,20,Out,Van,22,1,1.0,0.0,0.0,0
2023-10-24,2023,10,24,10:25,10,25,In,Bicycle,4,3,1.3333333333333333,0.0,3.0,1
2023-10-24,2023,10,24,10:25,10,25,In,Bus,52,1,16.0,0.0,0.0,0
2023-10-24,2023,10,24,10:25,10,25,In,Car,52,24,1.4583333333333333,0.0,1.0,1
2023-10-24,2023,10,24,10:25,10,25,In,Motorbike,4,1,1.0,0.0,0.0,0
2023-10-24,2023,10,24,10:25,10,25,In,Taxi,52,2,2.0,0.0,0.0,0
2023-10-24,2023,10,24,10:25,10,25,In,Van,42,2,1.5,0.0,0.0,0
2023-10-24,2023,10,24,10:25,10,25,Out,Bicycle,22,1,1.0,0.0,1.0,1
2023-10-24,2023,10,24,10:25,10,25,Out,Bus,22,2,8.8,0.0,0.0,0
2023-10-24,2023,10,24,10:25,10,25,Out,Car,42,10,1.1,0.0,0.0,0
2023-10-24,2023,10,24,10:25,10,25,Out,Taxi,57,2,1.0,0.0,0.0,0
2023-10-24,2023,10,24,10:30,10,30,In,Bicycle,4,1,1.0,0.0,0.0,0
2023-10-24,2023,10,24,10:30,10,30,In,Bus,67,4,2.0,0.0,0.0,0
2023-10-24,2023,10,24,10:30,10,30,In,Car,4,33,1.5757575757575757,0.0,3.0,1
2023-10-24,2023,10,24,10:30,10,30,In,Lorry,4,2,2.0,0.0,0.0,0
2023-10-24,2023,10,24,10:30,10,30,In,Motorbike,42,1,1.0,0.0,0.0,0
2023-10-24,2023,10,24,10:30,10,30,In,Taxi,36,11,2.3636363636363638,0.0,0.0,0
2023-10-24,2023,10,24,10:30,10,30,In,Van,66,5,1.2,0.0,0.0,0
2023-10-24,2023,10,24,10:30,10,30,Out,Bicycle,20,1,1.0,0.0,0.0,0
2023-10-24,2023,10,24,10:30,10,30,Out,Bus,26,4,42.0,0.0,0.0,0
2023-10-24,2023,10,24,10:30,10,30,Out,Car,22,10,1.3,0.0,0.0,0
2023-10-24,2023,10,24,10:35,10,35,In,Bus,42,3,60.0,3.0,0.0,0
2023-10-24,2023,10,24,10:35,10,35,In,Car,4,20,1.4,0.0,1.0,1
2023-10-24,2023,10,24,10:35,10,35,In,Lorry,16,1,1.0,0.0,0.0,0
2023-10-24,2023,10,24,10:35,10,35,In,Motorbike,42,2,1.0,0.0,0.0,0
2023-10-24,2023,10,24,10:35,10,35,In,Taxi,36,8,2.25,0.0,0.0,0
2023-10-24,2023,10,24,10:35,10,35,In,Van,4,2,4.0,0.0,0.0,0
2023-10-24,2023,10,24,10:35,10,35,Out,Bicycle,7,1,1.0,0.0,0.0,0
2023-10-24,2023,10,24,10:35,10,35,Out,Bus,7,3,2.6666666666666665,0.0,0.0,0
2023-10-24,2023,10,24,10:35,10,35,Out,Car,7,10,1.2,0.0,0.0,0
2023-10-24,2023,10,24,10:35,10,35,Out,Lorry,20,1,1.0,0.0,0.0,0
2023-10-24,2023,10,24,10:35,10,35,Out,Taxi,42,2,1.0,2.0,0.0,0
2023-10-24,2023,10,24,10:35,10,35,Out,Van,42,1,1.0,0.0,0.0,0
2023-10-24,2023,10,24,10:40,10,40,In,Bicycle,42,1,1.0,0.0,0.0,0
2023-10-24,2023,10,24,10:40,10,40,In,Bus,31,2,64.0,0.0,0.0,0
2023-10-24,2023,10,24,10:40,10,40,In,Car,4,18,1.8333333333333333,0.0,0.0,0
2023-10-24,2023,10,24,10:40,10,40,In,Lorry,16,3,1.0,0.0,0.0,0
2023-10-24,2023,10,24,10:40,10,40,In,Motorbike,4,1,1.0,0.0,0.0,0
2023-10-24,2023,10,24,10:40,10,40,In,Scooter,36,1,1.0,0.0,1.0,1
2023-10-24,2023,10,24,10:40,10,40,In,Taxi,31,1,2.0,0.0,0.0,0
2023-10-24,2023,10,24,10:40,10,40,In,Van,31,3,1.6666666666666667,0.0,1.0,1
2023-10-24,2023,10,24,10:40,10,40,Out,Bus,7,2,6.000000000000001,0.0,0.0,0
2023-10-24,2023,10,24,10:40,10,40,Out,Car,48,7,1.1428571428571428,0.0,0.0,0
2023-10-24,2023,10,24,10:40,10,40,Out,Lorry,48,1,1.0,0.0,0.0,0
2023-10-24,2023,10,24,10:40,10,40,Out,Taxi,7,1,1.0,0.0,0.0,0
2023-10-24,2023,10,24,10:40,10,40,Out,Van,7,1,1.0,0.0,0.0,0
2023-10-24,2023,10,24,10:45,10,45,In,Bicycle,66,2,1.0,0.0,0.0,0
2023-10-24,2023,10,24,10:45,10,45,In,Bus,62,3,64.00000000000001,0.0,0.0,0
2023-10-24,2023,10,24,10:45,10,45,In,Car,31,23,1.565217391304348,0.0,2.0,1
2023-10-24,2023,10,24,10:45,10,45,In,Lorry,66,1,1.0,0.0,0.0,0
2023-10-24,2023,10,24,10:45,10,45,In,Motorbike,31,1,1.0,0.0,0.0,0
2023-10-24,2023,10,24,10:45,10,45,In,Scooter,36,1,1.0,0.0,1.0,1
2023-10-24,2023,10,24,10:45,10,45,In,Taxi,31,3,2.3333333333333335,0.0,0.0,0
2023-10-24,2023,10,24,10:45,10,45,In,Van,4,3,1.3333333333333333,0.0,0.0,0
2023-10-24,2023,10,24,10:45,10,45,Out,Bus,48,2,8.0,0.0,0.0,0
2023-10-24,2023,10,24,10:45,10,45,Out,Car,20,4,1.5,0.0,0.0,0
2023-10-24,2023,10,24,10:45,10,45,Out,Taxi,42,3,1.0,3.0,0.0,0
2023-10-24,2023,10,24,10:45,10,45,Out,Van,42,1,2.0,0.0,0.0,0
2023-10-24,2023,10,24,10:50,10,50,In,Bicycle,67,2,1.0,0.0,0.0,0
2023-10-24,2023,10,24,10:50,10,50,In,Bus,67,3,2.6666666666666665,0.0,0.0,0
2023-10-24,2023,10,24,10:50,10,50,In,Car,16,41,1.3414634146341464,0.0,0.0,0
2023-10-24,2023,10,24,10:50,10,50,In,Lorry,16,3,1.0,0.0,0.0,0
2023-10-24,2023,10,24,10:50,10,50,In,Motorbike,16,1,1.0,0.0,0.0,0
2023-10-24,2023,10,24,10:50,10,50,In,Taxi,16,4,1.5,0.0,0.0,0
2023-10-24,2023,10,24,10:50,10,50,In,Van,66,2,1.0,0.0,0.0,0
2023-10-24,2023,10,24,10:50,10,50,Out,Bus,26,3,9.866666666666667,0.0,0.0,0
2023-10-24,2023,10,24,10:50,10,50,Out,Car,48,4,1.5,0.0,0.0,0
2023-10-24,2023,10,24,10:50,10,50,Out,Taxi,7,2,1.0,0.0,0.0,0
2023-10-24,2023,10,24,10:55,10,55,In,Bicycle,31,2,1.0,0.0,0.0,0
2023-10-24,2023,10,24,10:55,10,55,In,Bus,31,2,64.0,0.0,0.0,0
2023-10-24,2023,10,24,10:55,10,55,In,Car,66,25,1.48,0.0,0.0,0
2023-10-24,2023,10,24,10:55,10,55,In,Lorry,36,1,1.0,0.0,0.0,0
2023-10-24,2023,10,24,10:55,10,55,In,Motorbike,31,1,1.0,0.0,0.0,0
2023-10-24,2023,10,24,10:55,10,55,In,Scooter,36,1,1.0,0.0,1.0,1
2023-10-24,2023,10,24,10:55,10,55,In,Taxi,36,1,1.0,0.0,0.0,0
2023-10-24,2023,10,24,10:55,10,55,In,Van,31,3,1.3333333333333333,0.0,0.0,0
2023-10-24,2023,10,24,10:55,10,55,Out,Bus,48,3,6.133333333333334,0.0,0.0,0
2023-10-24,2023,10,24,10:55,10,55,Out,Car,20,6,1.5,0.0,0.0,0
2023-10-24,2023,10,24,10:55,10,55,Out,Taxi,48,2,1.0,0.0,0.0,0
2023-10-24,2023,10,24,10:55,10,55,Out,Van,26,3,1.0,0.0,0.0,0
2023-10-24,2023,10,24,11:00,11,00,In,Bicycle,16,4,1.0,0.0,0.0,0
2023-10-24,2023,10,24,11:00,11,00,In,Bus,16,2,80.0,0.0,0.0,0
2023-10-24,2023,10,24,11:00,11,00,In,Car,16,36,1.4722222222222223,0.0,0.0,0
2023-10-24,2023,10,24,11:00,11,00,In,Lorry,16,1,2.0,0.0,0.0,0
2023-10-24,2023,10,24,11:00,11,00,Out,Car,48,7,1.2857142857142858,0.0,0.0,0
2023-10-24,2023,10,24,11:00,11,00,Out,Lorry,48,2,1.5,0.0,0.0,0
2023-10-24,2023,10,24,11:00,11,00,Out,Taxi,48,1,1.0,0.0,0.0,0
2023-10-24,2023,10,24,11:00,11,00,Out,Van,20,1,2.0,0.0,0.0,0
2023-10-24,2023,10,24,11:05,11,05,In,Bus,16,2,60.0,0.0,0.0,0
2023-10-24,2023,10,24,11:05,11,05,In,Car,16,9,1.7777777777777777,0.0,0.0,0
2023-10-24,2023,10,24,11:05,11,05,In,Lorry,16,1,2.0,0.0,0.0,0
2023-10-24,2023,10,24,11:05,11,05,Out,Bus,48,2,8.0,0.0,0.0,0
2023-10-24,2023,10,24,11:05,11,05,Out,Car,48,4,1.25,0.0,0.0,0
2023-10-24,2023,10,24,11:05,11,05,Out,Lorry,48,1,1.0,0.0,0.0,0
2023-10-24,2023,10,24,11:05,11,05,Out,Taxi,48,1,1.0,0.0,0.0,0
2023-10-25,2023,10,25,08:20,08,20,In,Bicycle,70,1,1.0,0.0,0.0,0
2023-10-25,2023,10,25,08:20,08,20,In,Bus,70,3,65.33333333333334,0.0,0.0,0
2023-10-25,2023,10,25,08:20,08,20,In,Car,70,15,1.1333333333333333,0.0,0.0,0
2023-10-25,2023,10,25,08:20,08,20,Out,Bus,45,1,80.0,0.0,0.0,0
2023-10-25,2023,10,25,08:20,08,20,Out,Car,45,1,1.0,0.0,0.0,0
2023-10-25,2023,10,25,08:20,08,20,Out,Van,45,2,1.5,0.0,0.0,0
2023-10-25,2023,10,25,08:25,08,25,In,Car,70,14,1.1428571428571428,0.0,0.0,0
2023-10-25,2023,10,25,08:25,08,25,Out,Bus,45,1,80.0,0.0,0.0,0
2023-10-25,2023,10,25,08:25,08,25,Out,Car,45,3,1.3333333333333333,0.0,0.0,0
2023-10-25,2023,10,25,08:25,08,25,Out,Van,45,2,4.5,0.0,0.0,0
2023-10-25,2023,10,25,08:30,08,30,In,Bus,29,2,52.0,0.0,0.0,0
2023-10-25,2023,10,25,08:30,08,30,In,Car,70,22,1.1818181818181819,0.0,0.0,0
2023-10-25,2023,10,25,08:30,08,30,In,Lorry,70,1,1.0,0.0,0.0,0
2023-10-25,2023,10,25,08:30,08,30,In,Taxi,70,1,1.0,0.0,0.0,0
2023-10-25,2023,10,25,08:30,08,30,In,Van,29,1,1.0,0.0,0.0,0
2023-10-25,2023,10,25,08:30,08,30,Out,Bus,45,3,54.13333333333333,0.0,0.0,0
2023-10-25,2023,10,25,08:30,08,30,Out,Car,45,2,1.0,0.0,0.0,0
2023-10-25,2023,10,25,08:30,08,30,Out,Lorry,45,1,1.0,0.0,0.0,0
2023-10-25,2023,10,25,08:30,08,30,Out,Van,45,1,1.0,0.0,0.0,0
2023-10-25,2023,10,25,08:35,08,35,In,Bicycle,29,1,1.0,0.0,0.0,0
2023-10-25,2023,10,25,08:35,08,35,In,Bus,70,3,74.66666666666666,0.0,0.0,0
2023-10-25,2023,10,25,08:35,08,35,In,Car,70,26,1.1538461538461537,0.0,0.0,0
2023-10-25,2023,10,25,08:35,08,35,In,Motorbike,70,1,1.0,0.0,0.0,0
2023-10-25,2023,10,25,08:35,08,35,Out,Bus,68,5,80.0,0.0,0.0,0
2023-10-25,2023,10,25,08:35,08,35,Out,Car,68,10,1.1,0.0,0.0,0
2023-10-25,2023,10,25,08:35,08,35,Out,Taxi,45,1,1.0,0.0,0.0,0
2023-10-25,2023,10,25,08:35,08,35,Out,Van,45,2,1.0,0.0,0.0,0
2023-10-25,2023,10,25,08:40,08,40,In,Bus,29,2,76.0,0.0,0.0,0
2023-10-25,2023,10,25,08:40,08,40,In,Car,70,25,1.2,0.0,0.0,0
2023-10-25,2023,10,25,08:40,08,40,In,Van,29,1,1.0,0.0,0.0,0
2023-10-25,2023,10,25,08:40,08,40,Out,Bus,45,1,1.6,0.0,0.0,0
2023-10-25,2023,10,25,08:40,08,40,Out,Car,45,5,1.4,0.0,0.0,0
2023-10-25,2023,10,25,08:40,08,40,Out,Lorry,45,2,1.0,0.0,0.0,0
2023-10-25,2023,10,25,08:40,08,40,Out,Van,45,2,1.0,0.0,0.0,0
2023-10-25,2023,10,25,08:45,08,45,In,Bicycle,70,1,1.0,0.0,0.0,0
2023-10-25,2023,10,25,08:45,08,45,In,Bus,70,4,48.00000000000001,0.0,0.0,0
2023-10-25,2023,10,25,08:45,08,45,In,Car,70,33,1.303030303030303,0.0,0.0,0
2023-10-25,2023,10,25,08:45,08,45,In,Van,70,1,1.0,0.0,0.0,0
2023-10-25,2023,10,25,08:45,08,45,Out,Bus,45,2,80.0,0.0,0.0,0
2023-10-25,2023,10,25,08:45,08,45,Out,Car,68,2,1.5,0.0,0.0,0
2023-10-25,2023,10,25,08:45,08,45,Out,Taxi,45,1,1.0,0.0,0.0,0
2023-10-25,2023,10,25,08:45,08,45,Out,Van,68,1,1.0,0.0,0.0,0
2023-10-25,2023,10,25,08:50,08,50,In,Bicycle,29,1,1.0,0.0,0.0,0
2023-10-25,2023,10,25,08:50,08,50,In,Bus,29,2,64.0,0.0,0.0,0
2023-10-25,2023,10,25,08:50,08,50,In,Car,29,29,1.1724137931034482,0.0,0.0,0
2023-10-25,2023,10,25,08:50,08,50,In,Van,29,2,1.0,0.0,0.0,0
2023-10-25,2023,10,25,08:50,08,50,Out,Bus,68,2,80.0,0.0,0.0,0
2023-10-25,2023,10,25,08:50,08,50,Out,Car,68,2,1.0,0.0,0.0,0
2023-10-25,2023,10,25,08:55,08,55,In,Bicycle,29,2,1.0,0.0,0.0,0
2023-10-25,2023,10,25,08:55,08,55,In,Bus,29,2,80.0,0.0,0.0,0
2023-10-25,2023,10,25,08:55,08,55,In,Car,29,31,1.1612903225806452,0.0,0.0,0
2023-10-25,2023,10,25,08:55,08,55,In,Van,29,1,1.0,0.0,0.0,0
2023-10-25,2023,10,25,08:55,08,55,Out,Bus,68,2,80.0,0.0,0.0,0
2023-10-25,2023,10,25,08:55,08,55,Out,Car,68,10,1.2,0.0,0.0,0
2023-10-25,2023,10,25,08:55,08,55,Out,Van,68,2,1.0,0.0,0.0,0
2023-10-25,2023,10,25,09:00,09,00,In,Bus,29,1,64.0,0.0,0.0,0
2023-10-25,2023,10,25,09:00,09,00,In,Car,29,11,1.3636363636363635,0.0,0.0,0
2023-10-25,2023,10,25,09:00,09,00,In,Van,29,1,1.0,0.0,0.0,0
2023-10-25,2023,10,25,09:00,09,00,Out,Bus,68,1,1.6,0.0,0.0,0
2023-10-25,2023,10,25,09:00,09,00,Out,Car,68,4,1.0,0.0,0.0,0
2023-10-25,2023,10,25,09:30,09,30,In,Bicycle,60,1,1.0,0.0,0.0,0
2023-10-25,2023,10,25,09:30,09,30,In,Bus,60,3,10.666666666666666,0.0,0.0,0
2023-10-25,2023,10,25,09:30,09,30,In,Car,53,23,1.3043478260869565,0.0,0.0,0
2023-10-25,2023,10,25,09:30,09,30,In,Lorry,60,1,2.0,0.0,0.0,0
2023-10-25,2023,10,25,09:30,09,30,In,Motorbike,60,1,1.0,0.0,0.0,0
2023-10-25,2023,10,25,09:30,09,30,In,Taxi,60,1,2.0,0.0,0.0,0
2023-10-25,2023,10,25,09:30,09,30,In,Van,60,1,2.0,0.0,0.0,0
2023-10-25,2023,10,25,09:30,09,30,Out,Bus,13,2,4.0,0.0,0.0,0
2023-10-25,2023,10,25,09:30,09,30,Out,Car,38,7,1.8571428571428572,0.0,0.0,0
2023-10-25,2023,10,25,09:30,09,30,Out,Van,13,2,1.0,0.0,0.0,0
2023-10-25,2023,10,25,09:35,09,35,In,Bicycle,60,2,1.0,0.0,0.0,0
2023-10-25,2023,10,25,09:35,09,35,In,Bus,17,3,25.866666666666664,0.0,3.0,1
2023-10-25,2023,10,25,09:35,09,35,In,Car,60,22,1.3181818181818181,0.0,1.0,1
2023-10-25,2023,10,25,09:35,09,35,In,Lorry,17,1,1.0,0.0,0.0,0
2023-10-25,2023,10,25,09:35,09,35,In,Van,17,1,1.0,0.0,0.0,0
2023-10-25,2023,10,25,09:35,09,35,Out,Bus,13,2,4.0,0.0,0.0,0
2023-10-25,2023,10,25,09:35,09,35,Out,Car,13,3,1.0,0.0,0.0,0
2023-10-25,2023,10,25,09:35,09,35,Out,Lorry,39,1,2.0,0.0,0.0,0
2023-10-25,2023,10,25,09:40,09,40,In,Bicycle,17,1,1.0,0.0,0.0,0
2023-10-25,2023,10,25,09:40,09,40,In,Bus,17,1,64.0,0.0,1.0,1
2023-10-25,2023,10,25,09:40,09,40,In,Car,53,31,1.5483870967741935,0.0,0.0,0
2023-10-25,2023,10,25,09:40,09,40,In,Lorry,60,1,1.0,0.0,0.0,0
2023-10-25,2023,10,25,09:40,09,40,In,Taxi,17,1,1.0,0.0,0.0,0
2023-10-25,2023,10,25,09:40,09,40,In,Van,60,4,1.25,0.0,0.0,0
2023-10-25,2023,10,25,09:40,09,40,Out,Bicycle,13,1,1.0,0.0,0.0,0
2023-10-25,2023,10,25,09:40,09,40,Out,Bus,13,3,2.6666666666666665,0.0,0.0,0
2023-10-25,2023,10,25,09:40,09,40,Out,Car,38,5,1.4,0.0,0.0,0
2023-10-25,2023,10,25,09:40,09,40,Out,Lorry,13,1,1.0,0.0,0.0,0
2023-10-25,2023,10,25,09:40,09,40,Out,Scooter,13,1,1.0,0.0,1.0,1
2023-10-25,2023,10,25,09:40,09,40,Out,Van,13,2,1.5,0.0,0.0,0
2023-10-25,2023,10,25,09:45,09,45,In,Bus,17,1,8.0,0.0,1.0,1
2023-10-25,2023,10,25,09:45,09,45,In,Car,60,21,1.380952380952381,0.0,0.0,0
2023-10-25,2023,10,25,09:45,09,45,In,Taxi,60,2,1.5,0.0,0.0,0
2023-10-25,2023,10,25,09:45,09,45,In,Van,17,1,1.0,0.0,1.0,1
2023-10-25,2023,10,25,09:45,09,45,Out,Bicycle,39,2,1.0,0.0,0.0,0
2023-10-25,2023,10,25,09:45,09,45,Out,Bus,12,2,80.0,0.0,0.0,0
2023-10-25,2023,10,25,09:45,09,45,Out,Car,13,3,1.3333333333333333,0.0,0.0,0
2023-10-25,2023,10,25,09:50,09,50,In,Bicycle,60,1,1.0,0.0,0.0,0
2023-10-25,2023,10,25,09:50,09,50,In,Bus,58,3,42.666666666666664,0.0,0.0,0
2023-10-25,2023,10,25,09:50,09,50,In,Car,60,27,1.8888888888888888,0.0,1.0,1
2023-10-25,2023,10,25,09:50,09,50,In,Motorbike,60,1,1.0,0.0,0.0,0
2023-10-25,2023,10,25,09:50,09,50,In,Taxi,17,1,2.0,0.0,0.0,0
2023-10-25,2023,10,25,09:50,09,50,Out,Bus,12,3,54.66666666666666,0.0,0.0,0
2023-10-25,2023,10,25,09:50,09,50,Out,Car,38,5,1.2,0.0,0.0,0
2023-10-25,2023,10,25,09:50,09,50,Out,Lorry,39,2,1.5,0.0,0.0,0
2023-10-25,2023,10,25,09:50,09,50,Out,Taxi,39,1,3.0,0.0,0.0,0
2023-10-25,2023,10,25,09:50,09,50,Out,Van,12,2,1.0,0.0,0.0,0
2023-10-25,2023,10,25,09:55,09,55,In,Bicycle,17,2,1.0,0.0,0.0,0
2023-10-25,2023,10,25,09:55,09,55,In,Bus,53,12,55.0,0.0,0.0,0
2023-10-25,2023,10,25,09:55,09,55,In,Car,60,31,1.7096774193548387,0.0,2.0,1
2023-10-25,2023,10,25,09:55,09,55,In,Lorry,53,1,1.0,0.0,0.0,0
2023-10-25,2023,10,25,09:55,09,55,In,Motorbike,53,1,1.0,0.0,0.0,0
2023-10-25,2023,10,25,09:55,09,55,In,Scooter,53,1,1.0,0.0,1.0,1
2023-10-25,2023,10,25,09:55,09,55,In,Taxi,53,2,2.0,0.0,0.0,0
2023-10-25,2023,10,25,09:55,09,55,In,Van,53,7,1.1428571428571428,0.0,0.0,0
2023-10-25,2023,10,25,09:55,09,55,Out,Bicycle,39,1,1.0,0.0,0.0,0
2023-10-25,2023,10,25,09:55,09,55,Out,Bus,12,2,12.000000000000002,0.0,0.0,0
2023-10-25,2023,10,25,09:55,09,55,Out,Car,13,7,1.0,0.0,0.0,0
2023-10-25,2023,10,25,09:55,09,55,Out,Lorry,13,1,1.0,0.0,0.0,0
2023-10-25,2023,10,25,09:55,09,55,Out,Taxi,13,2,1.0,0.0,0.0,0
2023-10-25,2023,10,25,09:55,09,55,Out,Van,12,2,1.0,0.0,0.0,0
2023-10-25,2023,10,25,10:00,10,00,In,Bus,17,4,57.0,0.0,3.0,1
2023-10-25,2023,10,25,10:00,10,00,In,Car,17,19,1.105263157894737,0.0,2.0,1
2023-10-25,2023,10,25,10:00,10,00,In,Lorry,17,1,3.0,0.0,0.0,0
2023-10-25,2023,10,25,10:00,10,00,Out,Bus,12,1,80.0,0.0,0.0,0
2023-10-25,2023,10,25,10:00,10,00,Out,Car,12,4,1.75,0.0,0.0,0
2023-10-25,2023,10,25,10:00,10,00,Out,Lorry,12,1,1.0,0.0,0.0,0
2023-10-25,2023,10,25,10:00,10,00,Out,Van,12,1,1.0,0.0,0.0,0
2023-10-25,2023,10,25,10:05,10,05,In,Car,58,3,1.0,0.0,0.0,0
2023-10-25,2023,10,25,10:05,10,05,Out,Bus,12,3,10.666666666666666,0.0,0.0,0
2023-10-25,2023,10,25,10:05,10,05,Out,Car,12,3,2.3333333333333335,0.0,0.0,0
2023-10-25,2023,10,25,10:10,10,10,In,Bus,58,1,32.0,0.0,0.0,0
2023-10-25,2023,10,25,10:10,10,10,In,Car,58,5,1.4,0.0,0.0,0
2023-10-25,2023,10,25,10:10,10,10,In,Lorry,58,1,1.0,0.0,0.0,0
2023-10-25,2023,10,25,10:10,10,10,Out,Car,12,4,1.5,0.0,0.0,0
2023-10-25,2023,10,25,10:15,10,15,In,Bus,63,2,80.0,0.0,0.0,0
2023-10-25,2023,10,25,10:15,10,15,In,Car,63,5,2.0,0.0,0.0,0
2023-10-25,2023,10,25,10:15,10,15,In,Van,63,1,2.0,0.0,0.0,0
2023-10-25,2023,10,25,10:15,10,15,Out,Taxi,23,1,1.0,0.0,0.0,0
2023-10-25,2023,10,25,10:15,10,15,Out,Van,23,1,1.0,0.0,0.0,0
2023-10-25,2023,10,25,10:20,10,20,In,Bicycle,63,1,1.0,0.0,0.0,0
2023-10-25,2023,10,25,10:20,10,20,In,Bus,63,6,40.0,0.0,0.0,0
2023-10-25,2023,10,25,10:20,10,20,In,Car,63,12,1.5,0.0,0.0,0
2023-10-25,2023,10,25,10:20,10,20,In,Motorbike,63,1,2.0,0.0,0.0,0
2023-10-25,2023,10,25,10:20,10,20,In,Van,63,1,1.0,0.0,0.0,0
2023-10-25,2023,10,25,10:20,10,20,Out,Car,23,4,1.25,0.0,0.0,0
2023-10-25,2023,10,25,10:20,10,20,Out,Taxi,23,2,1.0,0.0,0.0,0
2023-10-25,2023,10,25,10:20,10,20,Out,Van,23,2,1.0,0.0,0.0,0
2023-10-25,2023,10,25,10:25,10,25,In,Bicycle,63,1,1.0,0.0,0.0,0
2023-10-25,2023,10,25,10:25,10,25,In,Bus,47,1,4.0,0.0,0.0,0
2023-10-25,2023,10,25,10:25,10,25,In,Car,47,13,1.6153846153846154,0.0,0.0,0
2023-10-25,2023,10,25,10:25,10,25,In,Motorbike,63,1,1.0,0.0,0.0,0
2023-10-25,2023,10,25,10:25,10,25,In,Van,63,1,4.0,0.0,0.0,0
2023-10-25,2023,10,25,10:25,10,25,Out,Bicycle,23,1,1.0,0.0,0.0,0
2023-10-25,2023,10,25,10:25,10,25,Out,Bus,23,1,8.0,0.0,0.0,0
2023-10-25,2023,10,25,10:25,10,25,Out,Car,61,3,1.3333333333333333,0.0,0.0,0
2023-10-25,2023,10,25,10:25,10,25,Out,Motorbike,23,1,1.0,0.0,0.0,0
2023-10-25,2023,10,25,10:25,10,25,Out,Van,23,2,1.0,0.0,0.0,0
2023-10-25,2023,10,25,10:30,10,30,In,Bicycle,18,3,1.0,0.0,0.0,0
2023-10-25,2023,10,25,10:30,10,30,In,Bus,18,2,72.0,0.0,0.0,0
2023-10-25,2023,10,25,10:30,10,30,In,Car,18,15,2.0,0.0,0.0,0
2023-10-25,2023,10,25,10:30,10,30,In,Motorbike,73,1,1.0,0.0,0.0,0
2023-10-25,2023,10,25,10:30,10,30,In,Van,18,3,1.0,0.0,0.0,0
2023-10-25,2023,10,25,10:30,10,30,Out,Bicycle,19,1,1.0,0.0,0.0,0
2023-10-25,2023,10,25,10:30,10,30,Out,Bus,23,5,38.4,0.0,0.0,0
2023-10-25,2023,10,25,10:30,10,30,Out,Car,19,8,1.625,0.0,0.0,0
2023-10-25,2023,10,25,10:30,10,30,Out,Taxi,18,2,2.0,0.0,0.0,0
2023-10-25,2023,10,25,10:35,10,35,In,Bicycle,18,2,1.0,0.0,0.0,0
2023-10-25,2023,10,25,10:35,10,35,In,Bus,47,4,50.0,0.0,0.0,0
2023-10-25,2023,10,25,10:35,10,35,In,Car,47,23,1.6956521739130435,0.0,2.0,1
2023-10-25,2023,10,25,10:35,10,35,In,Motorbike,6,1,1.0,0.0,0.0,0
2023-10-25,2023,10,25,10:35,10,35,In,Scooter,18,1,1.0,0.0,1.0,1
2023-10-25,2023,10,25,10:35,10,35,In,Taxi,18,1,1.0,0.0,0.0,0
2023-10-25,2023,10,25,10:35,10,35,In,Van,73,5,2.0,0.0,0.0,0
2023-10-25,2023,10,25,10:35,10,35,Out,Bicycle,18,3,1.0,0.0,0.0,0
2023-10-25,2023,10,25,10:35,10,35,Out,Bus,18,2,4.0,0.0,0.0,0
2023-10-25,2023,10,25,10:35,10,35,Out,Car,18,16,1.375,0.0,0.0,0
2023-10-25,2023,10,25,10:35,10,35,Out,Motorbike,46,2,1.0,0.0,0.0,0
2023-10-25,2023,10,25,10:35,10,35,Out,Scooter,23,1,1.0,0.0,1.0,1
2023-10-25,2023,10,25,10:35,10,35,Out,Taxi,18,2,1.0,0.0,0.0,0
2023-10-25,2023,10,25,10:35,10,35,Out,Van,18,1,2.0,0.0,0.0,0
2023-10-25,2023,10,25,10:40,10,40,,Car,63,1,1.0,0.0,0.0,0
2023-10-25,2023,10,25,10:40,10,40,In,Bicycle,18,1,1.0,0.0,0.0,0
2023-10-25,2023,10,25,10:40,10,40,In,Bus,6,3,61.33333333333333,0.0,0.0,0
2023-10-25,2023,10,25,10:40,10,40,In,Car,6,19,1.4210526315789473,0.0,0.0,0
2023-10-25,2023,10,25,10:40,10,40,In,Taxi,18,4,1.25,0.0,0.0,0
2023-10-25,2023,10,25,10:40,10,40,In,Van,6,4,1.25,0.0,0.0,0
2023-10-25,2023,10,25,10:40,10,40,Out,Bus,46,3,6.666666666666666,0.0,0.0,0
2023-10-25,2023,10,25,10:40,10,40,Out,Car,18,10,1.6,0.0,0.0,0
2023-10-25,2023,10,25,10:40,10,40,Out,Lorry,46,1,1.0,0.0,0.0,0
2023-10-25,2023,10,25,10:40,10,40,Out,Motorbike,19,1,1.0,0.0,0.0,0
2023-10-25,2023,10,25,10:40,10,40,Out,Taxi,18,2,2.5,0.0,0.0,0
2023-10-25,2023,10,25,10:40,10,40,Out,Van,46,3,1.0,0.0,0.0,0
2023-10-25,2023,10,25,10:45,10,45,In,Bicycle,6,1,1.0,0.0,0.0,0
2023-10-25,2023,10,25,10:45,10,45,In,Bus,18,3,52.0,0.0,0.0,0
2023-10-25,2023,10,25,10:45,10,45,In,Car,18,31,1.5806451612903225,0.0,0.0,0
2023-10-25,2023,10,25,10:45,10,45,In,Van,47,2,1.0,0.0,0.0,0
2023-10-25,2023,10,25,10:45,10,45,Out,Bus,23,3,56.00000000000001,0.0,0.0,0
2023-10-25,2023,10,25,10:45,10,45,Out,Car,18,8,1.5,0.0,0.0,0
2023-10-25,2023,10,25,10:45,10,45,Out,Motorbike,19,1,1.0,0.0,0.0,0
2023-10-25,2023,10,25,10:45,10,45,Out,Van,23,5,1.2,0.0,0.0,0
2023-10-25,2023,10,25,10:50,10,50,In,Bus,6,3,56.00000000000001,0.0,0.0,0
2023-10-25,2023,10,25,10:50,10,50,In,Car,6,23,1.9130434782608696,0.0,0.0,0
2023-10-25,2023,10,25,10:50,10,50,In,Lorry,18,1,2.0,0.0,0.0,0
2023-10-25,2023,10,25,10:50,10,50,In,Taxi,18,5,2.4,0.0,0.0,0
2023-10-25,2023,10,25,10:50,10,50,In,Van,6,1,1.0,0.0,0.0,0
2023-10-25,2023,10,25,10:50,10,50,Out,Bicycle,19,1,1.0,0.0,0.0,0
2023-10-25,2023,10,25,10:50,10,50,Out,Bus,19,1,0.0,0.0,0.0,0
2023-10-25,2023,10,25,10:50,10,50,Out,Car,61,9,1.3333333333333333,0.0,0.0,0
2023-10-25,2023,10,25,10:50,10,50,Out,Van,46,2,1.0,0.0,0.0,0
2023-10-25,2023,10,25,10:55,10,55,In,Bus,6,2,76.0,0.0,0.0,0
2023-10-25,2023,10,25,10:55,10,55,In,Car,6,21,1.8095238095238095,0.0,0.0,0
2023-10-25,2023,10,25,10:55,10,55,In,Van,6,3,1.6666666666666667,0.0,0.0,0
2023-10-25,2023,10,25,10:55,10,55,Out,Bus,46,3,10.666666666666666,0.0,0.0,0
2023-10-25,2023,10,25,10:55,10,55,Out,Car,61,6,1.0,0.0,0.0,0
2023-10-25,2023,10,25,10:55,10,55,Out,Taxi,18,4,1.25,0.0,0.0,0
2023-10-25,2023,10,25,10:55,10,55,Out,Van,18,3,1.0,0.0,0.0,0
2023-10-25,2023,10,25,11:00,11,00,In,Bus,6,1,80.0,0.0,0.0,0
2023-10-25,2023,10,25,11:00,11,00,In,Car,6,13,1.6923076923076923,0.0,0.0,0
2023-10-25,2023,10,25,11:00,11,00,In,Van,6,1,1.0,0.0,0.0,0
2023-10-25,2023,10,25,11:00,11,00,Out,Car,46,2,2.0,0.0,0.0,0
2023-10-25,2023,10,25,11:00,11,00,Out,Van,46,2,1.0,0.0,0.0,0
2023-10-25,2023,10,25,11:40,11,40,In,Bus,15,2,32.0,0.0,0.0,0
2023-10-25,2023,10,25,11:40,11,40,In,Car,15,10,1.6,0.0,2.0,1
2023-10-25,2023,10,25,11:40,11,40,In,Taxi,15,1,1.0,0.0,0.0,0
2023-10-25,2023,10,25,11:40,11,40,In,Van,15,1,1.0,0.0,0.0,0
2023-10-25,2023,10,25,11:40,11,40,Out,Bus,15,2,4.0,0.0,0.0,0
2023-10-25,2023,10,25,11:40,11,40,Out,Car,15,5,2.0,0.0,0.0,0
2023-10-25,2023,10,25,11:40,11,40,Out,Taxi,15,1,1.0,0.0,0.0,0
2023-10-25,2023,10,25,11:40,11,40,Out,Van,15,2,2.5,0.0,1.0,1
2023-10-25,2023,10,25,11:45,11,45,In,Bus,15,1,24.0,0.0,0.0,0
2023-10-25,2023,10,25,11:45,11,45,In,Car,15,6,1.5,0.0,1.0,1
2023-10-25,2023,10,25,11:45,11,45,In,Van,15,1,1.0,0.0,1.0,1
2023-10-25,2023,10,25,11:45,11,45,Out,Bus,15,1,8.0,0.0,0.0,0
2023-10-25,2023,10,25,11:45,11,45,Out,Car,15,5,1.2,0.0,1.0,1
2023-10-25,2023,10,25,11:45,11,45,Out,Van,15,3,1.0,0.0,0.0,0
2023-10-25,2023,10,25,11:50,11,50,In,Bicycle,15,1,1.0,0.0,0.0,0
2023-10-25,2023,10,25,11:50,11,50,In,Car,15,8,1.375,0.0,1.0,1
2023-10-25,2023,10,25,11:50,11,50,In,Taxi,15,2,2.0,0.0,0.0,0
2023-10-25,2023,10,25,11:50,11,50,In,Van,15,1,1.0,0.0,0.0,0
2023-10-25,2023,10,25,11:50,11,50,Out,Bicycle,15,1,1.0,0.0,0.0,0
2023-10-25,2023,10,25,11:50,11,50,Out,Bus,15,2,6.000000000000001,0.0,0.0,0
2023-10-25,2023,10,25,11:50,11,50,Out,Car,15,4,1.75,0.0,0.0,0
2023-10-25,2023,10,25,11:50,11,50,Out,Van,15,2,2.0,0.0,0.0,0
2023-10-25,2023,10,25,11:55,11,55,In,Bus,15,1,8.0,0.0,0.0,0
2023-10-25,2023,10,25,11:55,11,55,In,Car,15,6,1.8333333333333333,0.0,0.0,0
2023-10-25,2023,10,25,11:55,11,55,In,Taxi,15,1,2.0,0.0,0.0,0
2023-10-25,2023,10,25,11:55,11,55,In,Van,15,1,1.0,0.0,0.0,0
2023-10-25,2023,10,25,11:55,11,55,Out,Bus,15,1,4.0,0.0,0.0,0
2023-10-25,2023,10,25,11:55,11,55,Out,Car,15,6,2.1666666666666665,0.0,0.0,0
2023-10-25,2023,10,25,11:55,11,55,Out,Van,15,2,2.0,0.0,0.0,0
2023-10-25,2023,10,25,12:00,12,00,Out,Car,15,4,1.25,0.0,1.0,1
2023-10-25,2023,10,25,12:00,12,00,Out,Taxi,15,1,1.0,0.0,0.0,0
2023-10-26,2023,10,26,08:50,08,50,In,Bicycle,28,1,1.0,0.0,0.0,0
2023-10-26,2023,10,26,08:50,08,50,In,Bus,28,4,70.0,4.0,0.0,0
2023-10-26,2023,10,26,08:50,08,50,In,Car,28,22,1.5454545454545454,0.0,0.0,0
2023-10-26,2023,10,26,08:50,08,50,In,Scooter,28,1,1.0,1.0,1.0,1
2023-10-26,2023,10,26,08:50,08,50,In,Taxi,28,1,4.0,1.0,0.0,0
2023-10-26,2023,10,26,08:50,08,50,Out,Bus,69,2,6.0,2.0,0.0,0
2023-10-26,2023,10,26,08:50,08,50,Out,Car,69,7,1.0,0.0,0.0,0
2023-10-26,2023,10,26,08:50,08,50,Out,Lorry,69,1,1.0,0.0,0.0,0
2023-10-26,2023,10,26,08:50,08,50,Out,Taxi,69,1,1.0,1.0,0.0,0
2023-10-26,2023,10,26,08:55,08,55,In,Bicycle,28,3,1.0,0.0,0.0,0
2023-10-26,2023,10,26,08:55,08,55,In,Bus,28,1,60.0,1.0,0.0,0
2023-10-26,2023,10,26,08:55,08,55,In,Car,28,22,1.8181818181818181,0.0,0.0,0
2023-10-26,2023,10,26,08:55,08,55,In,Lorry,28,1,2.0,0.0,0.0,0
2023-10-26,2023,10,26,08:55,08,55,In,Motorbike,28,1,1.0,0.0,0.0,0
2023-10-26,2023,10,26,08:55,08,55,In,Taxi,28,1,4.0,1.0,0.0,0
2023-10-26,2023,10,26,08:55,08,55,Out,Bus,69,1,12.0,1.0,0.0,0
2023-10-26,2023,10,26,08:55,08,55,Out,Car,69,2,1.0,0.0,0.0,0
2023-10-26,2023,10,26,08:55,08,55,Out,Lorry,69,1,1.0,0.0,0.0,0
2023-10-26,2023,10,26,08:55,08,55,Out,Taxi,69,2,1.0,2.0,0.0,0
2023-10-26,2023,10,26,09:00,09,00,In,Bicycle,16,6,1.0,0.0,0.0,0
2023-10-26,2023,10,26,09:00,09,00,In,Bus,16,1,80.0,0.0,0.0,0
2023-10-26,2023,10,26,09:00,09,00,In,Car,16,44,1.6136363636363635,0.0,0.0,0
2023-10-26,2023,10,26,09:00,09,00,In,Motorbike,16,1,1.0,0.0,0.0,0
2023-10-26,2023,10,26,09:00,09,00,In,Van,28,1,1.0,0.0,0.0,0
2023-10-26,2023,10,26,09:00,09,00,Out,Bus,69,2,10.0,2.0,0.0,0
2023-10-26,2023,10,26,09:00,09,00,Out,Car,69,10,1.0,0.0,0.0,0
2023-10-26,2023,10,26,09:00,09,00,Out,Van,69,1,1.0,0.0,0.0,0
2023-10-26,2023,10,26,09:05,09,05,In,Bicycle,16,5,1.0,0.0,0.0,0
2023-10-26,2023,10,26,09:05,09,05,In,Bus,16,3,80.0,0.0,0.0,0
2023-10-26,2023,10,26,09:05,09,05,In,Car,16,30,1.6333333333333333,0.0,0.0,0
2023-10-26,2023,10,26,09:05,09,05,In,Lorry,16,1,1.0,0.0,0.0,0
2023-10-26,2023,10,26,09:05,09,05,In,Motorbike,28,3,1.0,0.0,0.0,0
2023-10-26,2023,10,26,09:05,09,05,Out,Bus,48,4,26.0,0.0,0.0,0
2023-10-26,2023,10,26,09:05,09,05,Out,Car,48,10,1.1,0.0,0.0,0
2023-10-26,2023,10,26,09:05,09,05,Out,Lorry,69,1,1.0,0.0,0.0,0
2023-10-26,2023,10,26,09:05,09,05,Out,Taxi,48,1,1.0,0.0,0.0,0
2023-10-26,2023,10,26,09:05,09,05,Out,Van,69,3,1.6666666666666667,0.0,0.0,0
2023-10-26,2023,10,26,09:10,09,10,In,Bicycle,16,5,1.0,0.0,0.0,0
2023-10-26,2023,10,26,09:10,09,10,In,Bus,28,5,45.60000000000001,5.0,0.0,0
2023-10-26,2023,10,26,09:10,09,10,In,Car,16,31,1.5483870967741935,0.0,0.0,0
2023-10-26,2023,10,26,09:10,09,10,In,Motorbike,28,1,1.0,0.0,0.0,0
2023-10-26,2023,10,26,09:10,09,10,In,Taxi,16,3,2.0,0.0,0.0,0
2023-10-26,2023,10,26,09:10,09,10,In,Van,28,1,2.0,0.0,0.0,0
2023-10-26,2023,10,26,09:10,09,10,Out,Bus,48,1,0.0,0.0,0.0,0
2023-10-26,2023,10,26,09:10,09,10,Out,Car,48,11,1.2727272727272727,0.0,0.0,0
2023-10-26,2023,10,26,09:10,09,10,Out,Lorry,48,1,1.0,0.0,0.0,0
2023-10-26,2023,10,26,09:10,09,10,Out,Taxi,48,2,1.0,0.0,0.0,0
2023-10-26,2023,10,26,09:10,09,10,Out,Van,69,2,1.0,0.0,0.0,0
2023-10-26,2023,10,26,09:15,09,15,In,Bicycle,16,1,1.0,0.0,0.0,0
2023-10-26,2023,10,26,09:15,09,15,In,Bus,16,5,80.0,0.0,0.0,0
2023-10-26,2023,10,26,09:15,09,15,In,Car,28,25,1.72,0.0,0.0,0
2023-10-26,2023,10,26,09:15,09,15,In,Lorry,16,1,1.0,0.0,0.0,0
2023-10-26,2023,10,26,09:15,09,15,In,Motorbike,28,2,1.0,0.0,0.0,0
2023-10-26,2023,10,26,09:15,09,15,In,Van,28,1,1.0,0.0,0.0,0
2023-10-26,2023,10,26,09:15,09,15,Out,Bus,69,5,4.800000000000001,5.0,0.0,0
2023-10-26,2023,10,26,09:15,09,15,Out,Car,69,7,1.1428571428571428,0.0,0.0,0
2023-10-26,2023,10,26,09:15,09,15,Out,Lorry,69,1,1.0,0.0,0.0,0
2023-10-26,2023,10,26,09:15,09,15,Out,Taxi,69,1,1.0,1.0,0.0,0
2023-10-26,2023,10,26,09:20,09,20,In,Bicycle,16,1,1.0,0.0,0.0,0
2023-10-26,2023,10,26,09:20,09,20,In,Bus,16,4,58.00000000000001,0.0,0.0,0
2023-10-26,2023,10,26,09:20,09,20,In,Car,16,30,1.6,0.0,0.0,0
2023-10-26,2023,10,26,09:20,09,20,In,Motorbike,16,1,1.0,0.0,0.0,0
2023-10-26,2023,10,26,09:20,09,20,Out,Car,69,1,1.0,0.0,0.0,0
2023-10-26,2023,10,26,09:20,09,20,Out,Motorbike,69,1,1.0,0.0,0.0,0
2023-10-26,2023,10,26,09:20,09,20,Out,Van,69,1,2.0,0.0,0.0,0
2023-10-26,2023,10,26,09:25,09,25,In,Bus,16,1,40.0,0.0,0.0,0
2023-10-26,2023,10,26,09:25,09,25,In,Car,16,6,1.3333333333333333,0.0,0.0,0
2023-10-26,2023,10,26,09:25,09,25,In,Lorry,16,1,1.0,0.0,0.0,0
2023-10-26,2023,10,26,09:25,09,25,In,Taxi,16,1,1.0,0.0,0.0,0
2023-10-26,2023,10,26,09:30,09,30,In,Bus,16,3,50.666666666666664,0.0,0.0,0
2023-10-26,2023,10,26,09:30,09,30,In,Car,16,24,1.1666666666666667,0.0,0.0,0
2023-10-26,2023,10,26,09:30,09,30,In,Lorry,16,1,1.0,0.0,0.0,0
2023-10-26,2023,10,26,09:30,09,30,In,Taxi,16,1,2.0,0.0,0.0,0
2023-10-26,2023,10,26,10:10,10,10,In,Bus,65,1,80.0,0.0,0.0,0
2023-10-26,2023,10,26,10:10,10,10,In,Car,65,15,1.3333333333333333,0.0,0.0,0
2023-10-26,2023,10,26,10:10,10,10,In,Van,65,1,2.0,0.0,0.0,0
2023-10-26,2023,10,26,10:10,10,10,Out,Car,40,6,1.0,0.0,0.0,0
2023-10-26,2023,10,26,10:10,10,10,Out,Van,40,1,1.0,0.0,0.0,0
2023-10-26,2023,10,26,10:15,10,15,In,Bicycle,65,2,1.0,0.0,0.0,0
2023-10-26,2023,10,26,10:15,10,15,In,Bus,65,2,30.0,0.0,0.0,0
2023-10-26,2023,10,26,10:15,10,15,In,Car,65,20,1.55,0.0,0.0,0
2023-10-26,2023,10,26,10:15,10,15,In,Lorry,65,1,1.0,0.0,0.0,0
2023-10-26,2023,10,26,10:15,10,15,In,Van,65,2,1.0,0.0,0.0,0
2023-10-26,2023,10,26,10:15,10,15,Out,Bus,40,2,20.0,0.0,0.0,0
2023-10-26,2023,10,26,10:15,10,15,Out,Car,40,13,1.4615384615384615,0.0,0.0,0
2023-10-26,2023,10,26,10:15,10,15,Out,Lorry,40,2,1.0,0.0,0.0,0
2023-10-26,2023,10,26,10:15,10,15,Out,Taxi,40,2,1.5,0.0,0.0,0
2023-10-26,2023,10,26,10:15,10,15,Out,Van,40,3,1.3333333333333333,0.0,0.0,0
2023-10-26,2023,10,26,10:20,10,20,In,Bicycle,65,2,1.0,0.0,0.0,0
2023-10-26,2023,10,26,10:20,10,20,In,Bus,65,4,35.0,0.0,0.0,0
2023-10-26,2023,10,26,10:20,10,20,In,Car,65,12,1.5,0.0,0.0,0
2023-10-26,2023,10,26,10:20,10,20,In,Motorbike,65,1,1.0,0.0,0.0,0
2023-10-26,2023,10,26,10:20,10,20,In,Scooter,65,1,1.0,0.0,1.0,1
2023-10-26,2023,10,26,10:20,10,20,Out,Bus,40,2,10.0,0.0,0.0,0
2023-10-26,2023,10,26,10:20,10,20,Out,Car,40,12,1.0,0.0,0.0,0
2023-10-26,2023,10,26,10:20,10,20,Out,Taxi,40,1,1.0,0.0,0.0,0
2023-10-26,2023,10,26,10:20,10,20,Out,Van,40,1,1.0,0.0,0.0,0
2023-10-26,2023,10,26,10:25,10,25,In,Bicycle,65,2,1.0,0.0,0.0,0
2023-10-26,2023,10,26,10:25,10,25,In,Bus,65,2,20.0,0.0,0.0,0
2023-10-26,2023,10,26,10:25,10,25,In,Car,65,10,1.9,0.0,0.0,0
2023-10-26,2023,10,26,10:25,10,25,In,Taxi,65,2,1.0,0.0,0.0,0
2023-10-26,2023,10,26,10:25,10,25,In,Van,65,3,1.3333333333333333,0.0,0.0,0
2023-10-26,2023,10,26,10:25,10,25,Out,Bus,40,2,10.0,0.0,0.0,0
2023-10-26,2023,10,26,10:25,10,25,Out,Car,40,6,1.0,0.0,0.0,0
2023-10-26,2023,10,26,10:25,10,25,Out,Lorry,40,1,1.0,0.0,0.0,0
2023-10-26,2023,10,26,10:25,10,25,Out,Taxi,40,1,2.0,0.0,0.0,0
2023-10-26,2023,10,26,10:30,10,30,In,Bicycle,50,4,1.5,0.0,0.0,0
2023-10-26,2023,10,26,10:30,10,30,In,Bus,50,1,80.0,0.0,0.0,0
2023-10-26,2023,10,26,10:30,10,30,In,Car,49,16,1.4375,0.0,0.0,0
2023-10-26,2023,10,26,10:30,10,30,In,Motorbike,65,1,1.0,0.0,0.0,0
2023-10-26,2023,10,26,10:30,10,30,In,Taxi,50,1,1.0,0.0,0.0,0
2023-10-26,2023,10,26,10:30,10,30,In,Van,65,4,1.0,0.0,0.0,0
2023-10-26,2023,10,26,10:30,10,30,Out,Bicycle,34,1,1.0,0.0,0.0,0
2023-10-26,2023,10,26,10:30,10,30,Out,Bus,21,2,5.2,0.0,0.0,0
2023-10-26,2023,10,26,10:30,10,30,Out,Car,40,10,1.3,0.0,0.0,0
2023-10-26,2023,10,26,10:30,10,30,Out,Lorry,72,1,1.0,0.0,0.0,0
2023-10-26,2023,10,26,10:30,10,30,Out,Van,10,1,2.0,0.0,0.0,0
2023-10-26,2023,10,26,10:35,10,35,In,Bicycle,50,3,1.0,1.0,0.0,0
2023-10-26,2023,10,26,10:35,10,35,In,Bus,65,2,50.0,0.0,0.0,0
2023-10-26,2023,10,26,10:35,10,35,In,Car,50,45,1.6,0.0,0.0,0
2023-10-26,2023,10,26,10:35,10,35,In,Lorry,65,1,1.0,0.0,0.0,0
2023-10-26,2023,10,26,10:35,10,35,In,Scooter,50,1,1.0,1.0,1.0,1
2023-10-26,2023,10,26,10:35,10,35,In,Taxi,50,2,1.5,0.0,0.0,0
2023-10-26,2023,10,26,10:35,10,35,In,Van,50,6,1.0,0.0,0.0,0
2023-10-26,2023,10,26,10:35,10,35,Out,Bicycle,72,1,1.0,1.0,0.0,0
2023-10-26,2023,10,26,10:35,10,35,Out,Bus,40,3,0.0,0.0,0.0,0
2023-10-26,2023,10,26,10:35,10,35,Out,Car,72,8,1.25,0.0,0.0,0
2023-10-26,2023,10,26,10:35,10,35,Out,Lorry,72,3,1.0,0.0,0.0,0
2023-10-26,2023,10,26,10:35,10,35,Out,Motorbike,34,1,1.0,0.0,0.0,0
2023-10-26,2023,10,26,10:35,10,35,Out,Taxi,2,1,1.0,0.0,0.0,0
2023-10-26,2023,10,26,10:35,10,35,Out,Van,40,3,1.0,0.0,0.0,0
2023-10-26,2023,10,26,10:40,10,40,In,Bicycle,65,1,1.0,0.0,0.0,0
2023-10-26,2023,10,26,10:40,10,40,In,Bus,49,3,60.0,0.0,0.0,0
2023-10-26,2023,10,26,10:40,10,40,In,Car,49,15,2.6,0.0,0.0,0
2023-10-26,2023,10,26,10:40,10,40,In,Motorbike,49,1,1.0,0.0,0.0,0
2023-10-26,2023,10,26,10:40,10,40,In,Scooter,65,1,1.0,0.0,1.0,1
2023-10-26,2023,10,26,10:40,10,40,Out,Bicycle,11,1,1.0,0.0,0.0,0
2023-10-26,2023,10,26,10:40,10,40,Out,Bus,10,2,8.0,0.0,0.0,0
2023-10-26,2023,10,26,10:40,10,40,Out,Car,72,13,1.6923076923076923,0.0,0.0,0
2023-10-26,2023,10,26,10:40,10,40,Out,Lorry,2,1,1.0,0.0,0.0,0
2023-10-26,2023,10,26,10:40,10,40,Out,Motorbike,72,1,1.0,0.0,0.0,0
2023-10-26,2023,10,26,10:40,10,40,Out,Scooter,11,1,1.0,0.0,1.0,1
2023-10-26,2023,10,26,10:40,10,40,Out,Taxi,2,1,1.0,0.0,0.0,0
2023-10-26,2023,10,26,10:40,10,40,Out,Van,21,3,1.0,0.0,0.0,0
2023-10-26,2023,10,26,10:45,10,45,In,Bus,49,2,50.0,0.0,0.0,0
2023-10-26,2023,10,26,10:45,10,45,In,Car,50,29,1.5517241379310345,0.0,0.0,0
2023-10-26,2023,10,26,10:45,10,45,In,Motorbike,49,2,1.0,0.0,0.0,0
2023-10-26,2023,10,26,10:45,10,45,In,Van,49,2,1.0,0.0,0.0,0
2023-10-26,2023,10,26,10:45,10,45,Out,Bicycle,72,1,1.0,1.0,0.0,0
2023-10-26,2023,10,26,10:45,10,45,Out,Bus,10,2,4.0,0.0,0.0,0
2023-10-26,2023,10,26,10:45,10,45,Out,Car,11,8,1.875,0.0,0.0,0
2023-10-26,2023,10,26,10:45,10,45,Out,Lorry,10,1,1.0,0.0,0.0,0
2023-10-26,2023,10,26,10:45,10,45,Out,Motorbike,34,1,1.0,0.0,0.0,0
2023-10-26,2023,10,26,10:45,10,45,Out,Van,11,3,1.3333333333333333,0.0,0.0,0
2023-10-26,2023,10,26,10:50,10,50,In,Bus,50,3,80.0,0.0,0.0,0
2023-10-26,2023,10,26,10:50,10,50,In,Car,50,23,2.130434782608696,0.0,0.0,0
2023-10-26,2023,10,26,10:50,10,50,In,Motorbike,50,1,1.0,0.0,0.0,0
2023-10-26,2023,10,26,10:50,10,50,In,Van,49,1,1.0,0.0,0.0,0
2023-10-26,2023,10,26,10:50,10,50,Out,Bicycle,11,2,1.0,0.0,0.0,0
2023-10-26,2023,10,26,10:50,10,50,Out,Bus,10,2,8.0,0.0,0.0,0
2023-10-26,2023,10,26,10:50,10,50,Out,Car,11,12,1.4166666666666667,0.0,0.0,0
2023-10-26,2023,10,26,10:50,10,50,Out,Motorbike,2,3,1.0,0.0,0.0,0
2023-10-26,2023,10,26,10:50,10,50,Out,Scooter,10,1,1.0,0.0,1.0,1
2023-10-26,2023,10,26,10:50,10,50,Out,Taxi,2,1,2.0,0.0,0.0,0
2023-10-26,2023,10,26,10:50,10,50,Out,Van,10,2,1.5,0.0,0.0,0
2023-10-26,2023,10,26,10:55,10,55,In,Bicycle,50,2,1.0,2.0,0.0,0
2023-10-26,2023,10,26,10:55,10,55,In,Bus,50,2,60.0,0.0,0.0,0
2023-10-26,2023,10,26,10:55,10,55,In,Car,50,25,1.84,0.0,0.0,0
2023-10-26,2023,10,26,10:55,10,55,In,Lorry,50,1,1.0,0.0,0.0,0
2023-10-26,2023,10,26,10:55,10,55,In,Motorbike,50,1,1.0,0.0,0.0,0
2023-10-26,2023,10,26,10:55,10,55,In,Van,49,2,2.0,0.0,0.0,0
2023-10-26,2023,10,26,10:55,10,55,Out,Bicycle,11,1,1.0,0.0,0.0,0
2023-10-26,2023,10,26,10:55,10,55,Out,Bus,11,4,78.0,0.0,0.0,0
2023-10-26,2023,10,26,10:55,10,55,Out,Car,11,23,1.9130434782608696,0.0,0.0,0
2023-10-26,2023,10,26,10:55,10,55,Out,Lorry,21,1,1.0,0.0,0.0,0
2023-10-26,2023,10,26,10:55,10,55,Out,Motorbike,11,1,1.0,0.0,0.0,0
2023-10-26,2023,10,26,10:55,10,55,Out,Taxi,2,1,1.0,0.0,0.0,0
2023-10-26,2023,10,26,10:55,10,55,Out,Van,10,2,1.0,0.0,0.0,0
2023-10-26,2023,10,26,11:00,11,00,Out,Bus,11,2,61.99999999999999,0.0,0.0,0
2023-10-26,2023,10,26,11:00,11,00,Out,Car,11,17,2.1176470588235294,0.0,0.0,0
2023-10-26,2023,10,26,11:00,11,00,Out,Motorbike,2,2,1.0,0.0,0.0,0
2023-10-26,2023,10,26,11:00,11,00,Out,Van,11,1,1.0,0.0,0.0,0
2023-10-26,2023,10,26,11:05,11,05,Out,Car,2,2,1.5,0.0,0.0,0
2023-10-27,2023,10,27,08:30,08,30,In,Bus,44,2,60.0,0.0,2.0,1
2023-10-27,2023,10,27,08:30,08,30,In,Car,44,16,1.375,0.0,8.0,1
2023-10-27,2023,10,27,08:30,08,30,In,Taxi,44,1,1.0,0.0,1.0,1
2023-10-27,2023,10,27,08:30,08,30,In,Van,44,3,1.6666666666666667,0.0,0.0,0
2023-10-27,2023,10,27,08:30,08,30,Out,Bus,74,2,8.0,0.0,2.0,1
2023-10-27,2023,10,27,08:30,08,30,Out,Car,74,17,1.1176470588235294,0.0,7.0,1
2023-10-27,2023,10,27,08:35,08,35,In,Bicycle,44,1,1.0,0.0,0.0,0
2023-10-27,2023,10,27,08:35,08,35,In,Car,44,18,1.7777777777777777,0.0,9.0,1
2023-10-27,2023,10,27,08:35,08,35,In,Taxi,44,2,2.0,0.0,0.0,0
2023-10-27,2023,10,27,08:35,08,35,Out,Car,74,4,1.0,0.0,2.0,1
2023-10-27,2023,10,27,08:35,08,35,Out,Lorry,74,1,2.0,0.0,0.0,0
2023-10-27,2023,10,27,08:35,08,35,Out,Taxi,74,1,1.0,0.0,1.0,1
2023-10-27,2023,10,27,08:35,08,35,Out,Van,74,3,1.0,0.0,0.0,0
2023-10-27,2023,10,27,08:40,08,40,In,Bus,44,4,78.0,0.0,2.0,1
2023-10-27,2023,10,27,08:40,08,40,In,Car,44,35,1.5142857142857142,0.0,18.0,1
2023-10-27,2023,10,27,08:40,08,40,In,Taxi,44,1,3.0,0.0,1.0,1
2023-10-27,2023,10,27,08:40,08,40,In,Van,44,1,2.0,0.0,1.0,1
2023-10-27,2023,10,27,08:40,08,40,Out,Bus,74,2,4.0,0.0,2.0,1
2023-10-27,2023,10,27,08:40,08,40,Out,Car,74,5,1.2,0.0,3.0,1
2023-10-27,2023,10,27,08:40,08,40,Out,Van,74,2,1.0,0.0,0.0,0
2023-10-27,2023,10,27,08:45,08,45,In,Bus,44,3,28.000000000000004,0.0,1.0,1
2023-10-27,2023,10,27,08:45,08,45,In,Car,44,23,1.434782608695652,0.0,6.0,1
2023-10-27,2023,10,27,08:45,08,45,In,Van,44,2,2.0,0.0,0.0,0
2023-10-27,2023,10,27,08:45,08,45,Out,Bus,74,2,4.0,0.0,2.0,1
2023-10-27,2023,10,27,08:45,08,45,Out,Car,74,12,1.1666666666666667,0.0,7.0,1
2023-10-27,2023,10,27,08:45,08,45,Out,Taxi,74,1,1.0,0.0,1.0,1
2023-10-27,2023,10,27,08:45,08,45,Out,Van,74,1,1.0,0.0,0.0,0
2023-10-27,2023,10,27,08:50,08,50,In,Bicycle,44,4,1.25,0.0,0.0,0
2023-10-27,2023,10,27,08:50,08,50,In,Bus,44,1,80.0,0.0,1.0,1
2023-10-27,2023,10,27,08:50,08,50,In,Car,44,41,1.5853658536585367,0.0,14.0,1
2023-10-27,2023,10,27,08:50,08,50,In,Lorry,44,1,1.0,0.0,0.0,0
2023-10-27,2023,10,27,08:50,08,50,In,Motorbike,44,1,2.0,0.0,0.0,0
2023-10-27,2023,10,27,08:50,08,50,In,Van,44,1,1.0,0.0,0.0,0
2023-10-27,2023,10,27,08:50,08,50,Out,Bus,74,2,8.0,0.0,2.0,1
2023-10-27,2023,10,27,08:50,08,50,Out,Car,74,9,1.2222222222222223,0.0,4.0,1
2023-10-27,2023,10,27,08:50,08,50,Out,Taxi,74,1,1.0,0.0,1.0,1
2023-10-27,2023,10,27,08:50,08,50,Out,Van,74,2,1.0,0.0,0.0,0
2023-10-27,2023,10,27,08:55,08,55,In,Bicycle,44,6,1.0,0.0,0.0,0
2023-10-27,2023,10,27,08:55,08,55,In,Bus,44,3,77.33333333333333,0.0,2.0,1
2023-10-27,2023,10,27,08:55,08,55,In,Car,44,31,1.6451612903225807,0.0,13.0,1
2023-10-27,2023,10,27,08:55,08,55,In,Lorry,44,1,2.0,0.0,0.0,0
2023-10-27,2023,10,27,08:55,08,55,In,Taxi,44,3,2.3333333333333335,0.0,2.0,1
2023-10-27,2023,10,27,08:55,08,55,Out,Bicycle,74,3,1.0,0.0,0.0,0
2023-10-27,2023,10,27,08:55,08,55,Out,Bus,74,2,12.000000000000002,0.0,2.0,1
2023-10-27,2023,10,27,08:55,08,55,Out,Car,74,24,1.1666666666666667,0.0,4.0,1
2023-10-27,2023,10,27,08:55,08,55,Out,Lorry,74,2,1.0,0.0,1.0,1
2023-10-27,2023,10,27,08:55,08,55,Out,Taxi,74,2,1.0,0.0,1.0,1
2023-10-27,2023,10,27,08:55,08,55,Out,Van,74,1,1.0,0.0,0.0,0
